Date,perc
1990-01-02,1698
1990-01-03,1506
1990-01-04,1431
1990-01-05,1255
1990-01-08,1369
1990-01-09,1673
1990-01-10,1772
1990-01-11,1917
1990-01-12,1889
1990-01-15,1723
1990-01-16,1152
1990-01-17,1531
1990-01-18,1006
1990-01-19,1584
1990-01-22,1592
1990-01-23,1565
1990-01-24,1295
1990-01-25,1131
1990-01-26,1724
1990-01-29,1544
1990-01-30,1044
1990-01-31,1878
1990-02-01,1538
1990-02-02,1271
1990-02-05,1030
1990-02-06,1286
1990-02-07,1206
1990-02-08,1804
1990-02-09,1455
1990-02-12,1646
1990-02-13,1816
1990-02-14,1545
1990-02-15,1180
1990-02-16,1484
1990-02-20,1704
1990-02-21,1930
1990-02-22,1359
1990-02-23,1518
1990-02-26,1020
1990-02-27,1719
1990-02-28,1115
1990-03-01,1906
1990-03-02,1098
1990-03-05,1738
1990-03-06,1263
1990-03-07,1568
1990-03-08,1383
1990-03-09,1576
1990-03-12,1010
1990-03-13,1945
1990-03-14,1002
1990-03-15,1197
1990-03-16,1958
1990-03-19,1967
1990-03-20,1270
1990-03-21,1808
1990-03-22,1329
1990-03-23,1627
1990-03-26,1767
1990-03-27,1625
1990-03-28,1038
1990-03-29,1662
1990-03-30,1558
1990-04-02,1376
1990-04-03,1387
1990-04-04,1773
1990-04-05,1209
1990-04-06,1357
1990-04-09,1936
1990-04-10,1510
1990-04-11,1173
1990-04-12,1083
1990-04-16,1213
1990-04-17,1113
1990-04-18,1222
1990-04-19,1498
1990-04-20,1346
1990-04-23,1254
1990-04-24,1722
1990-04-25,1315
1990-04-26,1221
1990-04-27,1586
1990-04-30,1302
1990-05-01,1965
1990-05-02,1493
1990-05-03,1932
1990-05-04,1408
1990-05-07,1561
1990-05-08,1978
1990-05-09,1091
1990-05-10,1850
1990-05-11,1485
1990-05-14,1965
1990-05-15,1974
1990-05-16,1519
1990-05-17,1943
1990-05-18,1724
1990-05-21,1542
1990-05-22,1166
1990-05-23,1463
1990-05-24,1616
1990-05-25,1667
1990-05-29,1767
1990-05-30,1404
1990-05-31,1160
1990-06-01,1207
1990-06-04,1587
1990-06-05,1133
1990-06-06,1028
1990-06-07,1156
1990-06-08,1193
1990-06-11,1605
1990-06-12,1132
1990-06-13,1576
1990-06-14,1165
1990-06-15,1007
1990-06-18,1870
1990-06-19,1494
1990-06-20,1023
1990-06-21,1940
1990-06-22,1562
1990-06-25,1211
1990-06-26,1603
1990-06-27,1411
1990-06-28,1479
1990-06-29,1654
1990-07-02,1183
1990-07-03,1782
1990-07-05,1657
1990-07-06,1598
1990-07-09,1519
1990-07-10,1867
1990-07-11,1236
1990-07-12,1268
1990-07-13,1841
1990-07-16,1887
1990-07-17,1870
1990-07-18,1436
1990-07-19,1536
1990-07-20,1080
1990-07-23,1158
1990-07-24,1106
1990-07-25,1787
1990-07-26,1890
1990-07-27,1494
1990-07-30,1746
1990-07-31,1145
1990-08-01,1440
1990-08-02,1673
1990-08-03,1074
1990-08-06,1426
1990-08-07,1440
1990-08-08,1471
1990-08-09,1641
1990-08-10,1370
1990-08-13,1623
1990-08-14,1535
1990-08-15,1091
1990-08-16,1141
1990-08-17,1663
1990-08-20,1818
1990-08-21,1188
1990-08-22,1367
1990-08-23,1666
1990-08-24,1309
1990-08-27,1567
1990-08-28,1702
1990-08-29,1440
1990-08-30,1120
1990-08-31,1996
1990-09-04,1324
1990-09-05,1435
1990-09-06,1150
1990-09-07,1699
1990-09-10,1406
1990-09-11,1932
1990-09-12,1249
1990-09-13,1286
1990-09-14,1830
1990-09-17,1825
1990-09-18,1344
1990-09-19,1115
1990-09-20,1317
1990-09-21,1453
1990-09-24,1669
1990-09-25,1969
1990-09-26,1057
1990-09-27,1253
1990-09-28,1648
1990-10-01,1520
1990-10-02,1553
1990-10-03,1251
1990-10-04,1690
1990-10-05,1825
1990-10-08,1325
1990-10-09,1726
1990-10-10,1488
1990-10-11,1012
1990-10-12,1777
1990-10-15,1932
1990-10-16,1845
1990-10-17,1233
1990-10-18,1476
1990-10-19,1868
1990-10-22,1932
1990-10-23,1100
1990-10-24,1045
1990-10-25,1727
1990-10-26,1022
1990-10-29,1612
1990-10-30,1985
1990-10-31,1892
1990-11-01,1441
1990-11-02,1195
1990-11-05,1085
1990-11-06,1650
1990-11-07,1483
1990-11-08,1939
1990-11-09,1797
1990-11-12,1707
1990-11-13,1618
1990-11-14,1467
1990-11-15,1858
1990-11-16,1733
1990-11-19,1615
1990-11-20,1360
1990-11-21,1734
1990-11-23,1595
1990-11-26,1643
1990-11-27,1220
1990-11-28,1642
1990-11-29,1937
1990-11-30,1973
1990-12-03,1893
1990-12-04,1366
1990-12-05,1088
1990-12-06,1769
1990-12-07,1342
1990-12-10,1629
1990-12-11,1473
1990-12-12,1973
1990-12-13,1067
1990-12-14,1096
1990-12-17,1514
1990-12-18,1984
1990-12-19,1161
1990-12-20,1088
1990-12-21,1364
1990-12-24,1454
1990-12-26,1294
1990-12-27,1601
1990-12-28,1666
1990-12-31,1326
1991-01-02,1887
1991-01-03,1031
1991-01-04,1947
1991-01-07,1439
1991-01-08,1709
1991-01-09,1450
1991-01-10,1592
1991-01-11,1377
1991-01-14,1090
1991-01-15,1685
1991-01-16,1434
1991-01-17,1656
1991-01-18,1176
1991-01-21,1488
1991-01-22,1475
1991-01-23,1416
1991-01-24,1251
1991-01-25,1383
1991-01-28,1600
1991-01-29,1489
1991-01-30,1678
1991-01-31,1315
1991-02-01,1806
1991-02-04,1480
1991-02-05,1005
1991-02-06,1884
1991-02-07,1995
1991-02-08,1311
1991-02-11,1077
1991-02-12,1737
1991-02-13,1424
1991-02-14,1849
1991-02-15,1735
1991-02-19,1543
1991-02-20,1600
1991-02-21,1204
1991-02-22,1003
1991-02-25,1347
1991-02-26,1101
1991-02-27,1748
1991-02-28,1255
1991-03-01,1870
1991-03-04,1852
1991-03-05,1197
1991-03-06,1930
1991-03-07,1242
1991-03-08,1763
1991-03-11,1533
1991-03-12,1927
1991-03-13,1309
1991-03-14,1074
1991-03-15,1104
1991-03-18,1507
1991-03-19,1607
1991-03-20,1975
1991-03-21,1903
1991-03-22,1421
1991-03-25,1448
1991-03-26,1343
1991-03-27,1791
1991-03-28,1450
1991-04-01,1344
1991-04-02,1690
1991-04-03,1469
1991-04-04,1319
1991-04-05,1432
1991-04-08,1973
1991-04-09,1333
1991-04-10,1446
1991-04-11,1011
1991-04-12,1668
1991-04-15,1735
1991-04-16,1556
1991-04-17,1375
1991-04-18,1062
1991-04-19,1445
1991-04-22,1770
1991-04-23,1427
1991-04-24,1211
1991-04-25,1792
1991-04-26,1552
1991-04-29,1025
1991-04-30,1303
1991-05-01,1769
1991-05-02,1275
1991-05-03,1195
1991-05-06,1583
1991-05-07,1612
1991-05-08,1526
1991-05-09,1484
1991-05-10,1990
1991-05-13,1617
1991-05-14,1052
1991-05-15,1332
1991-05-16,1788
1991-05-17,1876
1991-05-20,1305
1991-05-21,1222
1991-05-22,1694
1991-05-23,1506
1991-05-24,1167
1991-05-28,1053
1991-05-29,1893
1991-05-30,1286
1991-05-31,1526
1991-06-03,1443
1991-06-04,1722
1991-06-05,1343
1991-06-06,1954
1991-06-07,1525
1991-06-10,1670
1991-06-11,1755
1991-06-12,1538
1991-06-13,1108
1991-06-14,1423
1991-06-17,1469
1991-06-18,1045
1991-06-19,1303
1991-06-20,1238
1991-06-21,1627
1991-06-24,1426
1991-06-25,1737
1991-06-26,1061
1991-06-27,1038
1991-06-28,1210
1991-07-01,1607
1991-07-02,1852
1991-07-03,1951
1991-07-05,1794
1991-07-08,1986
1991-07-09,1380
1991-07-10,1853
1991-07-11,1328
1991-07-12,1605
1991-07-15,1807
1991-07-16,1106
1991-07-17,1158
1991-07-18,1840
1991-07-19,1813
1991-07-22,1193
1991-07-23,1882
1991-07-24,1338
1991-07-25,1448
1991-07-26,1198
1991-07-29,1945
1991-07-30,1107
1991-07-31,1048
1991-08-01,1406
1991-08-02,1093
1991-08-05,1821
1991-08-06,1676
1991-08-07,1581
1991-08-08,1648
1991-08-09,1541
1991-08-12,1361
1991-08-13,1084
1991-08-14,1353
1991-08-15,1988
1991-08-16,1673
1991-08-19,1539
1991-08-20,1703
1991-08-21,1851
1991-08-22,1285
1991-08-23,1063
1991-08-26,1132
1991-08-27,1944
1991-08-28,1698
1991-08-29,1791
1991-08-30,1940
1991-09-03,1885
1991-09-04,1386
1991-09-05,1382
1991-09-06,1549
1991-09-09,1377
1991-09-10,1906
1991-09-11,1178
1991-09-12,1119
1991-09-13,1731
1991-09-16,1795
1991-09-17,1335
1991-09-18,1768
1991-09-19,1857
1991-09-20,1950
1991-09-23,1813
1991-09-24,1919
1991-09-25,1844
1991-09-26,1334
1991-09-27,1034
1991-09-30,1041
1991-10-01,1918
1991-10-02,1111
1991-10-03,1983
1991-10-04,1079
1991-10-07,1677
1991-10-08,1421
1991-10-09,1757
1991-10-10,1570
1991-10-11,1535
1991-10-14,1223
1991-10-15,1255
1991-10-16,1588
1991-10-17,1628
1991-10-18,1254
1991-10-21,1655
1991-10-22,1573
1991-10-23,1782
1991-10-24,1458
1991-10-25,1657
1991-10-28,1811
1991-10-29,1550
1991-10-30,1598
1991-10-31,1773
1991-11-01,1503
1991-11-04,1435
1991-11-05,1661
1991-11-06,1232
1991-11-07,1374
1991-11-08,1362
1991-11-11,1037
1991-11-12,1282
1991-11-13,1542
1991-11-14,1255
1991-11-15,1836
1991-11-18,1551
1991-11-19,1721
1991-11-20,1541
1991-11-21,1029
1991-11-22,1865
1991-11-25,1992
1991-11-26,1679
1991-11-27,1611
1991-11-29,1959
1991-12-02,1681
1991-12-03,1262
1991-12-04,1017
1991-12-05,1355
1991-12-06,1245
1991-12-09,1876
1991-12-10,1806
1991-12-11,1290
1991-12-12,1632
1991-12-13,1694
1991-12-16,1380
1991-12-17,1719
1991-12-18,1759
1991-12-19,1914
1991-12-20,1788
1991-12-23,1233
1991-12-24,1098
1991-12-26,1419
1991-12-27,1842
1991-12-30,1948
1991-12-31,1032
1992-01-02,1714
1992-01-03,1380
1992-01-06,1745
1992-01-07,1938
1992-01-08,1621
1992-01-09,1552
1992-01-10,1749
1992-01-13,1231
1992-01-14,1035
1992-01-15,1555
1992-01-16,1806
1992-01-17,1627
1992-01-20,1776
1992-01-21,1009
1992-01-22,1712
1992-01-23,1419
1992-01-24,1053
1992-01-27,1448
1992-01-28,1739
1992-01-29,1500
1992-01-30,1066
1992-01-31,1341
1992-02-03,1826
1992-02-04,1789
1992-02-05,1582
1992-02-06,1910
1992-02-07,1320
1992-02-10,1480
1992-02-11,1428
1992-02-12,1336
1992-02-13,1653
1992-02-14,1757
1992-02-18,1115
1992-02-19,1811
1992-02-20,1412
1992-02-21,1123
1992-02-24,1214
1992-02-25,1977
1992-02-26,1823
1992-02-27,1375
1992-02-28,1589
1992-03-02,1441
1992-03-03,1909
1992-03-04,1102
1992-03-05,1309
1992-03-06,1402
1992-03-09,1337
1992-03-10,1249
1992-03-11,1654
1992-03-12,1939
1992-03-13,1529
1992-03-16,1791
1992-03-17,1251
1992-03-18,1527
1992-03-19,1306
1992-03-20,1510
1992-03-23,1161
1992-03-24,1909
1992-03-25,1930
1992-03-26,1127
1992-03-27,1702
1992-03-30,1578
1992-03-31,1641
1992-04-01,1994
1992-04-02,1483
1992-04-03,1848
1992-04-06,1652
1992-04-07,1610
1992-04-08,1635
1992-04-09,1748
1992-04-10,1628
1992-04-13,1422
1992-04-14,1001
1992-04-15,1252
1992-04-16,1880
1992-04-20,1960
1992-04-21,1203
1992-04-22,1867
1992-04-23,1589
1992-04-24,1399
1992-04-27,1596
1992-04-28,1459
1992-04-29,1027
1992-04-30,1097
1992-05-01,1744
1992-05-04,1942
1992-05-05,1257
1992-05-06,1018
1992-05-07,1725
1992-05-08,1348
1992-05-11,1903
1992-05-12,1931
1992-05-13,1771
1992-05-14,1083
1992-05-15,1960
1992-05-18,1667
1992-05-19,1820
1992-05-20,1220
1992-05-21,1578
1992-05-22,1404
1992-05-26,1641
1992-05-27,1507
1992-05-28,1993
1992-05-29,1886
1992-06-01,1944
1992-06-02,1532
1992-06-03,1565
1992-06-04,1333
1992-06-05,1907
1992-06-08,1852
1992-06-09,1192
1992-06-10,1468
1992-06-11,1140
1992-06-12,1027
1992-06-15,1047
1992-06-16,1886
1992-06-17,1378
1992-06-18,1029
1992-06-19,1698
1992-06-22,1521
1992-06-23,1298
1992-06-24,1375
1992-06-25,1380
1992-06-26,1105
1992-06-29,1919
1992-06-30,1612
1992-07-01,1500
1992-07-02,1592
1992-07-06,1171
1992-07-07,1676
1992-07-08,1033
1992-07-09,1102
1992-07-10,1277
1992-07-13,1326
1992-07-14,1101
1992-07-15,1117
1992-07-16,1595
1992-07-17,1413
1992-07-20,1171
1992-07-21,1521
1992-07-22,1057
1992-07-23,1657
1992-07-24,1914
1992-07-27,1597
1992-07-28,1899
1992-07-29,1976
1992-07-30,1535
1992-07-31,1946
1992-08-03,1795
1992-08-04,1657
1992-08-05,1611
1992-08-06,1910
1992-08-07,1343
1992-08-10,1343
1992-08-11,1775
1992-08-12,1240
1992-08-13,1208
1992-08-14,1282
1992-08-17,1763
1992-08-18,1366
1992-08-19,1447
1992-08-20,1229
1992-08-21,1547
1992-08-24,1493
1992-08-25,1393
1992-08-26,1459
1992-08-27,1988
1992-08-28,1555
1992-08-31,1845
1992-09-01,1877
1992-09-02,1545
1992-09-03,1643
1992-09-04,1679
1992-09-08,1144
1992-09-09,1264
1992-09-10,1914
1992-09-11,1371
1992-09-14,1294
1992-09-15,1345
1992-09-16,1836
1992-09-17,1000
1992-09-18,1736
1992-09-21,1650
1992-09-22,1473
1992-09-23,1123
1992-09-24,1802
1992-09-25,1023
1992-09-28,1730
1992-09-29,1343
1992-09-30,1729
1992-10-01,1205
1992-10-02,1563
1992-10-05,1708
1992-10-06,1632
1992-10-07,1912
1992-10-08,1907
1992-10-09,1454
1992-10-12,1571
1992-10-13,1405
1992-10-14,1086
1992-10-15,1005
1992-10-16,1847
1992-10-19,1334
1992-10-20,1375
1992-10-21,1730
1992-10-22,1274
1992-10-23,1063
1992-10-26,1184
1992-10-27,1075
1992-10-28,1043
1992-10-29,1638
1992-10-30,1565
1992-11-02,1266
1992-11-03,1659
1992-11-04,1141
1992-11-05,1606
1992-11-06,1934
1992-11-09,1675
1992-11-10,1861
1992-11-11,1510
1992-11-12,1560
1992-11-13,1577
1992-11-16,1111
1992-11-17,1790
1992-11-18,1067
1992-11-19,1412
1992-11-20,1568
1992-11-23,1181
1992-11-24,1015
1992-11-25,1580
1992-11-27,1342
1992-11-30,1839
1992-12-01,1318
1992-12-02,1189
1992-12-03,1471
1992-12-04,1586
1992-12-07,1551
1992-12-08,1553
1992-12-09,1971
1992-12-10,1656
1992-12-11,1254
1992-12-14,1545
1992-12-15,1456
1992-12-16,1022
1992-12-17,1117
1992-12-18,1386
1992-12-21,1042
1992-12-22,1358
1992-12-23,1563
1992-12-24,1858
1992-12-28,1631
1992-12-29,1574
1992-12-30,1953
1992-12-31,1152
1993-01-04,1895
1993-01-05,1333
1993-01-06,1032
1993-01-07,1217
1993-01-08,1408
1993-01-11,1727
1993-01-12,1614
1993-01-13,1984
1993-01-14,1489
1993-01-15,1154
1993-01-18,1491
1993-01-19,1473
1993-01-20,1038
1993-01-21,1509
1993-01-22,1624
1993-01-25,1927
1993-01-26,1942
1993-01-27,1914
1993-01-28,1584
1993-01-29,1845
1993-02-01,1878
1993-02-02,1890
1993-02-03,1420
1993-02-04,1674
1993-02-05,1938
1993-02-08,1569
1993-02-09,1255
1993-02-10,1168
1993-02-11,1777
1993-02-12,1681
1993-02-16,1827
1993-02-17,1522
1993-02-18,1020
1993-02-19,1823
1993-02-22,1793
1993-02-23,1879
1993-02-24,1581
1993-02-25,1758
1993-02-26,1128
1993-03-01,1210
1993-03-02,1697
1993-03-03,1700
1993-03-04,1274
1993-03-05,1191
1993-03-08,1948
1993-03-09,1438
1993-03-10,1613
1993-03-11,1546
1993-03-12,1328
1993-03-15,1328
1993-03-16,1246
1993-03-17,1817
1993-03-18,1427
1993-03-19,1169
1993-03-22,1448
1993-03-23,1492
1993-03-24,1970
1993-03-25,1434
1993-03-26,1040
1993-03-29,1316
1993-03-30,1504
1993-03-31,1578
1993-04-01,1344
1993-04-02,1280
1993-04-05,1603
1993-04-06,1967
1993-04-07,1651
1993-04-08,1724
1993-04-12,1659
1993-04-13,1471
1993-04-14,1068
1993-04-15,1497
1993-04-16,1855
1993-04-19,1060
1993-04-20,1280
1993-04-21,1267
1993-04-22,1051
1993-04-23,1937
1993-04-26,1165
1993-04-27,1553
1993-04-28,1862
1993-04-29,1759
1993-04-30,1202
1993-05-03,1314
1993-05-04,1522
1993-05-05,1069
1993-05-06,1581
1993-05-07,1062
1993-05-10,1868
1993-05-11,1768
1993-05-12,1732
1993-05-13,1356
1993-05-14,1273
1993-05-17,1698
1993-05-18,1038
1993-05-19,1880
1993-05-20,1954
1993-05-21,1440
1993-05-24,1494
1993-05-25,1192
1993-05-26,1823
1993-05-27,1058
1993-05-28,1171
1993-06-01,1363
1993-06-02,1338
1993-06-03,1594
1993-06-04,1657
1993-06-07,1624
1993-06-08,1639
1993-06-09,1790
1993-06-10,1546
1993-06-11,1530
1993-06-14,1932
1993-06-15,1784
1993-06-16,1481
1993-06-17,1703
1993-06-18,1043
1993-06-21,1594
1993-06-22,1287
1993-06-23,1038
1993-06-24,1425
1993-06-25,1976
1993-06-28,1679
1993-06-29,1542
1993-06-30,1209
1993-07-01,1734
1993-07-02,1422
1993-07-06,1247
1993-07-07,1818
1993-07-08,1465
1993-07-09,1233
1993-07-12,1935
1993-07-13,1255
1993-07-14,1741
1993-07-15,1787
1993-07-16,1720
1993-07-19,1998
1993-07-20,1779
1993-07-21,1134
1993-07-22,1445
1993-07-23,1131
1993-07-26,1762
1993-07-27,1449
1993-07-28,1315
1993-07-29,1302
1993-07-30,1767
1993-08-02,1400
1993-08-03,1075
1993-08-04,1213
1993-08-05,1191
1993-08-06,1369
1993-08-09,1321
1993-08-10,1416
1993-08-11,1296
1993-08-12,1346
1993-08-13,1148
1993-08-16,1010
1993-08-17,1651
1993-08-18,1786
1993-08-19,1112
1993-08-20,1889
1993-08-23,1693
1993-08-24,1618
1993-08-25,1530
1993-08-26,1398
1993-08-27,1920
1993-08-30,1218
1993-08-31,1619
1993-09-01,1455
1993-09-02,1197
1993-09-03,1027
1993-09-07,1116
1993-09-08,1303
1993-09-09,1026
1993-09-10,1349
1993-09-13,1732
1993-09-14,1552
1993-09-15,1229
1993-09-16,1379
1993-09-17,1524
1993-09-20,1462
1993-09-21,1117
1993-09-22,1649
1993-09-23,1793
1993-09-24,1652
1993-09-27,1597
1993-09-28,1330
1993-09-29,1633
1993-09-30,1926
1993-10-01,1701
1993-10-04,1894
1993-10-05,1335
1993-10-06,1490
1993-10-07,1171
1993-10-08,1778
1993-10-11,1279
1993-10-12,1163
1993-10-13,1557
1993-10-14,1358
1993-10-15,1679
1993-10-18,1698
1993-10-19,1633
1993-10-20,1876
1993-10-21,1500
1993-10-22,1177
1993-10-25,1229
1993-10-26,1881
1993-10-27,1727
1993-10-28,1638
1993-10-29,1741
1993-11-01,1168
1993-11-02,1179
1993-11-03,1446
1993-11-04,1749
1993-11-05,1247
1993-11-08,1135
1993-11-09,1960
1993-11-10,1343
1993-11-11,1696
1993-11-12,1169
1993-11-15,1544
1993-11-16,1151
1993-11-17,1952
1993-11-18,1102
1993-11-19,1352
1993-11-22,1066
1993-11-23,1603
1993-11-24,1090
1993-11-26,1347
1993-11-29,1837
1993-11-30,1599
1993-12-01,1439
1993-12-02,1941
1993-12-03,1546
1993-12-06,1368
1993-12-07,1066
1993-12-08,1156
1993-12-09,1895
1993-12-10,1919
1993-12-13,1775
1993-12-14,1659
1993-12-15,1141
1993-12-16,1944
1993-12-17,1064
1993-12-20,1263
1993-12-21,1301
1993-12-22,1600
1993-12-23,1984
1993-12-27,1232
1993-12-28,1910
1993-12-29,1112
1993-12-30,1429
1993-12-31,1674
1994-01-03,1439
1994-01-04,1724
1994-01-05,1273
1994-01-06,1551
1994-01-07,1228
1994-01-10,1117
1994-01-11,1993
1994-01-12,1383
1994-01-13,1696
1994-01-14,1111
1994-01-17,1397
1994-01-18,1243
1994-01-19,1748
1994-01-20,1777
1994-01-21,1066
1994-01-24,1415
1994-01-25,1045
1994-01-26,1846
1994-01-27,1984
1994-01-28,1391
1994-01-31,1549
1994-02-01,1152
1994-02-02,1604
1994-02-03,1009
1994-02-04,1324
1994-02-07,1363
1994-02-08,1331
1994-02-09,1389
1994-02-10,1575
1994-02-11,1575
1994-02-14,1797
1994-02-15,1116
1994-02-16,1338
1994-02-17,1070
1994-02-18,1599
1994-02-22,1101
1994-02-23,1252
1994-02-24,1516
1994-02-25,1842
1994-02-28,1313
1994-03-01,1001
1994-03-02,1961
1994-03-03,1513
1994-03-04,1948
1994-03-07,1520
1994-03-08,1964
1994-03-09,1816
1994-03-10,1867
1994-03-11,1631
1994-03-14,1171
1994-03-15,1102
1994-03-16,1610
1994-03-17,1166
1994-03-18,1981
1994-03-21,1303
1994-03-22,1831
1994-03-23,1340
1994-03-24,1084
1994-03-25,1165
1994-03-28,1276
1994-03-29,1490
1994-03-30,1808
1994-03-31,1509
1994-04-04,1773
1994-04-05,1604
1994-04-06,1383
1994-04-07,1682
1994-04-08,1128
1994-04-11,1972
1994-04-12,1647
1994-04-13,1340
1994-04-14,1572
1994-04-15,1564
1994-04-18,1519
1994-04-19,1080
1994-04-20,1287
1994-04-21,1877
1994-04-22,1181
1994-04-25,1087
1994-04-26,1519
1994-04-28,1384
1994-04-29,1177
1994-05-02,1211
1994-05-03,1838
1994-05-04,1820
1994-05-05,1883
1994-05-06,1709
1994-05-09,1408
1994-05-10,1670
1994-05-11,1423
1994-05-12,1321
1994-05-13,1905
1994-05-16,1379
1994-05-17,1419
1994-05-18,1100
1994-05-19,1695
1994-05-20,1431
1994-05-23,1035
1994-05-24,1086
1994-05-25,1175
1994-05-26,1731
1994-05-27,1842
1994-05-31,1784
1994-06-01,1047
1994-06-02,1366
1994-06-03,1110
1994-06-06,1723
1994-06-07,1153
1994-06-08,1645
1994-06-09,1031
1994-06-10,1788
1994-06-13,1639
1994-06-14,1562
1994-06-15,1020
1994-06-16,1719
1994-06-17,1361
1994-06-20,1226
1994-06-21,1701
1994-06-22,1334
1994-06-23,1001
1994-06-24,1072
1994-06-27,1015
1994-06-28,1829
1994-06-29,1751
1994-06-30,1739
1994-07-01,1759
1994-07-05,1706
1994-07-06,1234
1994-07-07,1812
1994-07-08,1917
1994-07-11,1813
1994-07-12,1346
1994-07-13,1224
1994-07-14,1735
1994-07-15,1648
1994-07-18,1109
1994-07-19,1230
1994-07-20,1566
1994-07-21,1971
1994-07-22,1431
1994-07-25,1024
1994-07-26,1948
1994-07-27,1847
1994-07-28,1610
1994-07-29,1718
1994-08-01,1542
1994-08-02,1751
1994-08-03,1028
1994-08-04,1611
1994-08-05,1118
1994-08-08,1465
1994-08-09,1837
1994-08-10,1202
1994-08-11,1974
1994-08-12,1151
1994-08-15,1510
1994-08-16,1415
1994-08-17,1858
1994-08-18,1010
1994-08-19,1997
1994-08-22,1573
1994-08-23,1700
1994-08-24,1280
1994-08-25,1771
1994-08-26,1686
1994-08-29,1486
1994-08-30,1413
1994-08-31,1040
1994-09-01,1971
1994-09-02,1051
1994-09-06,1483
1994-09-07,1814
1994-09-08,1324
1994-09-09,1324
1994-09-12,1853
1994-09-13,1022
1994-09-14,1929
1994-09-15,1907
1994-09-16,1657
1994-09-19,1223
1994-09-20,1967
1994-09-21,1761
1994-09-22,1674
1994-09-23,1468
1994-09-26,1913
1994-09-27,1893
1994-09-28,1587
1994-09-29,1669
1994-09-30,1223
1994-10-03,1984
1994-10-04,1195
1994-10-05,1009
1994-10-06,1300
1994-10-07,1885
1994-10-10,1811
1994-10-11,1121
1994-10-12,1982
1994-10-13,1962
1994-10-14,1219
1994-10-17,1250
1994-10-18,1767
1994-10-19,1329
1994-10-20,1125
1994-10-21,1468
1994-10-24,1058
1994-10-25,1897
1994-10-26,1705
1994-10-27,1755
1994-10-28,1715
1994-10-31,1902
1994-11-01,1442
1994-11-02,1109
1994-11-03,1536
1994-11-04,1479
1994-11-07,1214
1994-11-08,1620
1994-11-09,1914
1994-11-10,1475
1994-11-11,1303
1994-11-14,1850
1994-11-15,1111
1994-11-16,1791
1994-11-17,1957
1994-11-18,1111
1994-11-21,1744
1994-11-22,1885
1994-11-23,1546
1994-11-25,1552
1994-11-28,1939
1994-11-29,1356
1994-11-30,1806
1994-12-01,1901
1994-12-02,1033
1994-12-05,1648
1994-12-06,1524
1994-12-07,1351
1994-12-08,1550
1994-12-09,1986
1994-12-12,1457
1994-12-13,1741
1994-12-14,1447
1994-12-15,1750
1994-12-16,1158
1994-12-19,1958
1994-12-20,1365
1994-12-21,1771
1994-12-22,1627
1994-12-23,1205
1994-12-27,1203
1994-12-28,1756
1994-12-29,1803
1994-12-30,1202
1995-01-03,1544
1995-01-04,1329
1995-01-05,1165
1995-01-06,1351
1995-01-09,1463
1995-01-10,1846
1995-01-11,1848
1995-01-12,1552
1995-01-13,1613
1995-01-16,1729
1995-01-17,1983
1995-01-18,1990
1995-01-19,1927
1995-01-20,1593
1995-01-23,1927
1995-01-24,1619
1995-01-25,1742
1995-01-26,1635
1995-01-27,1800
1995-01-30,1001
1995-01-31,1177
1995-02-01,1983
1995-02-02,1246
1995-02-03,1648
1995-02-06,1622
1995-02-07,1757
1995-02-08,1242
1995-02-09,1713
1995-02-10,1885
1995-02-13,1384
1995-02-14,1488
1995-02-15,1603
1995-02-16,1728
1995-02-17,1798
1995-02-21,1852
1995-02-22,1019
1995-02-23,1174
1995-02-24,1350
1995-02-27,1855
1995-02-28,1987
1995-03-01,1566
1995-03-02,1478
1995-03-03,1636
1995-03-06,1322
1995-03-07,1807
1995-03-08,1498
1995-03-09,1760
1995-03-10,1186
1995-03-13,1291
1995-03-14,1187
1995-03-15,1012
1995-03-16,1005
1995-03-17,1560
1995-03-20,1652
1995-03-21,1036
1995-03-22,1272
1995-03-23,1043
1995-03-24,1285
1995-03-27,1038
1995-03-28,1003
1995-03-29,1298
1995-03-30,1035
1995-03-31,1751
1995-04-03,1310
1995-04-04,1665
1995-04-05,1192
1995-04-06,1635
1995-04-07,1267
1995-04-10,1318
1995-04-11,1387
1995-04-12,1293
1995-04-13,1218
1995-04-17,1946
1995-04-18,1040
1995-04-19,1200
1995-04-20,1532
1995-04-21,1706
1995-04-24,1510
1995-04-25,1698
1995-04-26,1768
1995-04-27,1235
1995-04-28,1339
1995-05-01,1677
1995-05-02,1304
1995-05-03,1930
1995-05-04,1530
1995-05-05,1099
1995-05-08,1485
1995-05-09,1371
1995-05-10,1076
1995-05-11,1370
1995-05-12,1128
1995-05-15,1956
1995-05-16,1248
1995-05-17,1242
1995-05-18,1898
1995-05-19,1575
1995-05-22,1969
1995-05-23,1886
1995-05-24,1661
1995-05-25,1032
1995-05-26,1731
1995-05-30,1899
1995-05-31,1816
1995-06-01,1029
1995-06-02,1939
1995-06-05,1828
1995-06-06,1141
1995-06-07,1750
1995-06-08,1726
1995-06-09,1402
1995-06-12,1419
1995-06-13,1153
1995-06-14,1080
1995-06-15,1920
1995-06-16,1021
1995-06-19,1906
1995-06-20,1098
1995-06-21,1552
1995-06-22,1464
1995-06-23,1713
1995-06-26,1168
1995-06-27,1546
1995-06-28,1660
1995-06-29,1039
1995-06-30,1234
1995-07-03,1695
1995-07-05,1128
1995-07-06,1629
1995-07-07,1886
1995-07-10,1502
1995-07-11,1390
1995-07-12,1874
1995-07-13,1548
1995-07-14,1560
1995-07-17,1685
1995-07-18,1968
1995-07-19,1401
1995-07-20,1804
1995-07-21,1393
1995-07-24,1365
1995-07-25,1899
1995-07-26,1872
1995-07-27,1780
1995-07-28,1703
1995-07-31,1247
1995-08-01,1880
1995-08-02,1608
1995-08-03,1755
1995-08-04,1643
1995-08-07,1788
1995-08-08,1732
1995-08-09,1131
1995-08-10,1711
1995-08-11,1719
1995-08-14,1702
1995-08-15,1767
1995-08-16,1808
1995-08-17,1027
1995-08-18,1054
1995-08-21,1791
1995-08-22,1924
1995-08-23,1470
1995-08-24,1682
1995-08-25,1687
1995-08-28,1687
1995-08-29,1721
1995-08-30,1331
1995-08-31,1619
1995-09-01,1574
1995-09-05,1693
1995-09-06,1072
1995-09-07,1634
1995-09-08,1083
1995-09-11,1999
1995-09-12,1941
1995-09-13,1518
1995-09-14,1001
1995-09-15,1845
1995-09-18,1149
1995-09-19,1491
1995-09-20,1683
1995-09-21,1940
1995-09-22,1204
1995-09-25,1024
1995-09-26,1060
1995-09-27,1715
1995-09-28,1390
1995-09-29,1940
1995-10-02,1077
1995-10-03,1005
1995-10-04,1018
1995-10-05,1554
1995-10-06,1105
1995-10-09,1010
1995-10-10,1156
1995-10-11,1538
1995-10-12,1717
1995-10-13,1802
1995-10-16,1440
1995-10-17,1130
1995-10-18,1171
1995-10-19,1633
1995-10-20,1489
1995-10-23,1010
1995-10-24,1613
1995-10-25,1219
1995-10-26,1218
1995-10-27,1031
1995-10-30,1305
1995-10-31,1378
1995-11-01,1180
1995-11-02,1697
1995-11-03,1367
1995-11-06,1674
1995-11-07,1809
1995-11-08,1462
1995-11-09,1282
1995-11-10,1398
1995-11-13,1198
1995-11-14,1432
1995-11-15,1302
1995-11-16,1114
1995-11-17,1835
1995-11-20,1327
1995-11-21,1346
1995-11-22,1553
1995-11-24,1052
1995-11-27,1688
1995-11-28,1382
1995-11-29,1345
1995-11-30,1949
1995-12-01,1194
1995-12-04,1247
1995-12-05,1560
1995-12-06,1478
1995-12-07,1860
1995-12-08,1889
1995-12-11,1641
1995-12-12,1373
1995-12-13,1247
1995-12-14,1851
1995-12-15,1986
1995-12-18,1062
1995-12-19,1028
1995-12-20,1578
1995-12-21,1754
1995-12-22,1950
1995-12-26,1560
1995-12-27,1880
1995-12-28,1337
1995-12-29,1463
1996-01-02,1558
1996-01-03,1135
1996-01-04,1885
1996-01-05,1251
1996-01-08,1627
1996-01-09,1380
1996-01-10,1833
1996-01-11,1302
1996-01-12,1838
1996-01-15,1440
1996-01-16,1935
1996-01-17,1609
1996-01-18,1831
1996-01-19,1406
1996-01-22,1321
1996-01-23,1118
1996-01-24,1036
1996-01-25,1327
1996-01-26,1360
1996-01-29,1711
1996-01-30,1232
1996-01-31,1999
1996-02-01,1817
1996-02-02,1301
1996-02-05,1247
1996-02-06,1528
1996-02-07,1745
1996-02-08,1214
1996-02-09,1223
1996-02-12,1812
1996-02-13,1523
1996-02-14,1368
1996-02-15,1048
1996-02-16,1653
1996-02-20,1330
1996-02-21,1628
1996-02-22,1581
1996-02-23,1188
1996-02-26,1026
1996-02-27,1282
1996-02-28,1736
1996-02-29,1296
1996-03-01,1895
1996-03-04,1605
1996-03-05,1454
1996-03-06,1224
1996-03-07,1516
1996-03-08,1661
1996-03-11,1622
1996-03-12,1184
1996-03-13,1302
1996-03-14,1307
1996-03-15,1379
1996-03-18,1452
1996-03-19,1912
1996-03-20,1132
1996-03-21,1450
1996-03-22,1963
1996-03-25,1975
1996-03-26,1165
1996-03-27,1286
1996-03-28,1571
1996-03-29,1134
1996-04-01,1072
1996-04-02,1196
1996-04-03,1998
1996-04-04,1477
1996-04-08,1337
1996-04-09,1062
1996-04-10,1558
1996-04-11,1671
1996-04-12,1645
1996-04-15,1450
1996-04-16,1925
1996-04-17,1412
1996-04-18,1923
1996-04-19,1135
1996-04-22,1504
1996-04-23,1829
1996-04-24,1984
1996-04-25,1411
1996-04-26,1873
1996-04-29,1388
1996-04-30,1563
1996-05-01,1005
1996-05-02,1953
1996-05-03,1872
1996-05-06,1391
1996-05-07,1716
1996-05-08,1334
1996-05-09,1932
1996-05-10,1415
1996-05-13,1855
1996-05-14,1788
1996-05-15,1891
1996-05-16,1038
1996-05-17,1694
1996-05-20,1584
1996-05-21,1436
1996-05-22,1169
1996-05-23,1209
1996-05-24,1355
1996-05-28,1491
1996-05-29,1320
1996-05-30,1742
1996-05-31,1179
1996-06-03,1027
1996-06-04,1367
1996-06-05,1816
1996-06-06,1077
1996-06-07,1081
1996-06-10,1603
1996-06-11,1218
1996-06-12,1435
1996-06-13,1153
1996-06-14,1211
1996-06-17,1085
1996-06-18,1858
1996-06-19,1005
1996-06-20,1835
1996-06-21,1564
1996-06-24,1890
1996-06-25,1856
1996-06-26,1087
1996-06-27,1534
1996-06-28,1306
1996-07-01,1369
1996-07-02,1696
1996-07-03,1594
1996-07-05,1815
1996-07-08,1539
1996-07-09,1849
1996-07-10,1426
1996-07-11,1877
1996-07-12,1724
1996-07-15,1901
1996-07-16,1877
1996-07-17,1623
1996-07-18,1070
1996-07-19,1636
1996-07-22,1814
1996-07-23,1736
1996-07-24,1476
1996-07-25,1508
1996-07-26,1139
1996-07-29,1654
1996-07-30,1091
1996-07-31,1823
1996-08-01,1112
1996-08-02,1568
1996-08-05,1388
1996-08-06,1613
1996-08-07,1802
1996-08-08,1665
1996-08-09,1155
1996-08-12,1771
1996-08-13,1860
1996-08-14,1309
1996-08-15,1062
1996-08-16,1077
1996-08-19,1123
1996-08-20,1828
1996-08-21,1387
1996-08-22,1387
1996-08-23,1748
1996-08-26,1114
1996-08-27,1825
1996-08-28,1139
1996-08-29,1269
1996-08-30,1250
1996-09-03,1862
1996-09-04,1203
1996-09-05,1638
1996-09-06,1857
1996-09-09,1780
1996-09-10,1189
1996-09-11,1519
1996-09-12,1980
1996-09-13,1473
1996-09-16,1572
1996-09-17,1253
1996-09-18,1017
1996-09-19,1288
1996-09-20,1370
1996-09-23,1740
1996-09-24,1248
1996-09-25,1792
1996-09-26,1898
1996-09-27,1360
1996-09-30,1646
1996-10-01,1829
1996-10-02,1049
1996-10-03,1808
1996-10-04,1593
1996-10-07,1698
1996-10-08,1859
1996-10-09,1618
1996-10-10,1627
1996-10-11,1730
1996-10-14,1594
1996-10-15,1230
1996-10-16,1164
1996-10-17,1622
1996-10-18,1440
1996-10-21,1559
1996-10-22,1949
1996-10-23,1825
1996-10-24,1070
1996-10-25,1891
1996-10-28,1290
1996-10-29,1397
1996-10-30,1312
1996-10-31,1555
1996-11-01,1009
1996-11-04,1580
1996-11-05,1523
1996-11-06,1977
1996-11-07,1904
1996-11-08,1613
1996-11-11,1223
1996-11-12,1106
1996-11-13,1343
1996-11-14,1000
1996-11-15,1764
1996-11-18,1390
1996-11-19,1582
1996-11-20,1702
1996-11-21,1402
1996-11-22,1155
1996-11-25,1042
1996-11-26,1584
1996-11-27,1293
1996-11-29,1831
1996-12-02,1038
1996-12-03,1026
1996-12-04,1037
1996-12-05,1557
1996-12-06,1090
1996-12-09,1463
1996-12-10,1755
1996-12-11,1482
1996-12-12,1655
1996-12-13,1651
1996-12-16,1045
1996-12-17,1240
1996-12-18,1219
1996-12-19,1466
1996-12-20,1011
1996-12-23,1068
1996-12-24,1327
1996-12-26,1256
1996-12-27,1229
1996-12-30,1003
1996-12-31,1901
1997-01-02,1780
1997-01-03,1209
1997-01-06,1004
1997-01-07,1587
1997-01-08,1921
1997-01-09,1843
1997-01-10,1503
1997-01-13,1127
1997-01-14,1488
1997-01-15,1147
1997-01-16,1235
1997-01-17,1158
1997-01-20,1739
1997-01-21,1848
1997-01-22,1300
1997-01-23,1748
1997-01-24,1820
1997-01-27,1344
1997-01-28,1359
1997-01-29,1864
1997-01-30,1933
1997-01-31,1635
1997-02-03,1404
1997-02-04,1431
1997-02-05,1633
1997-02-06,1267
1997-02-07,1818
1997-02-10,1187
1997-02-11,1661
1997-02-12,1053
1997-02-13,1022
1997-02-14,1007
1997-02-18,1213
1997-02-19,1686
1997-02-20,1966
1997-02-21,1438
1997-02-24,1002
1997-02-25,1544
1997-02-26,1286
1997-02-27,1911
1997-02-28,1195
1997-03-03,1311
1997-03-04,1439
1997-03-05,1756
1997-03-06,1885
1997-03-07,1380
1997-03-10,1693
1997-03-11,1445
1997-03-12,1635
1997-03-13,1102
1997-03-14,1245
1997-03-17,1989
1997-03-18,1603
1997-03-19,1312
1997-03-20,1671
1997-03-21,1730
1997-03-24,1039
1997-03-25,1783
1997-03-26,1767
1997-03-27,1438
1997-03-31,1556
1997-04-01,1163
1997-04-02,1860
1997-04-03,1981
1997-04-04,1925
1997-04-07,1077
1997-04-08,1034
1997-04-09,1907
1997-04-10,1789
1997-04-11,1859
1997-04-14,1542
1997-04-15,1368
1997-04-16,1353
1997-04-17,1578
1997-04-18,1119
1997-04-21,1903
1997-04-22,1409
1997-04-23,1851
1997-04-24,1244
1997-04-25,1423
1997-04-28,1920
1997-04-29,1835
1997-04-30,1540
1997-05-01,1540
1997-05-02,1143
1997-05-05,1721
1997-05-06,1697
1997-05-07,1933
1997-05-08,1757
1997-05-09,1173
1997-05-12,1060
1997-05-13,1216
1997-05-14,1563
1997-05-15,1705
1997-05-16,1566
1997-05-19,1650
1997-05-20,1602
1997-05-21,1371
1997-05-22,1187
1997-05-23,1219
1997-05-27,1879
1997-05-28,1703
1997-05-29,1878
1997-05-30,1009
1997-06-02,1627
1997-06-03,1190
1997-06-04,1798
1997-06-05,1199
1997-06-06,1166
1997-06-09,1269
1997-06-10,1887
1997-06-11,1441
1997-06-12,1882
1997-06-13,1521
1997-06-16,1798
1997-06-17,1576
1997-06-18,1006
1997-06-19,1823
1997-06-20,1241
1997-06-23,1645
1997-06-24,1324
1997-06-25,1068
1997-06-26,1014
1997-06-27,1286
1997-06-30,1544
1997-07-01,1204
1997-07-02,1908
1997-07-03,1022
1997-07-07,1392
1997-07-08,1610
1997-07-09,1054
1997-07-10,1010
1997-07-11,1698
1997-07-14,1969
1997-07-15,1429
1997-07-16,1617
1997-07-17,1217
1997-07-18,1451
1997-07-21,1278
1997-07-22,1074
1997-07-23,1501
1997-07-24,1388
1997-07-25,1912
1997-07-28,1023
1997-07-29,1125
1997-07-30,1013
1997-07-31,1001
1997-08-01,1106
1997-08-04,1754
1997-08-05,1506
1997-08-06,1818
1997-08-07,1187
1997-08-08,1043
1997-08-11,1612
1997-08-12,1193
1997-08-13,1798
1997-08-14,1984
1997-08-15,1813
1997-08-18,1267
1997-08-19,1415
1997-08-20,1320
1997-08-21,1032
1997-08-22,1583
1997-08-25,1444
1997-08-26,1391
1997-08-27,1440
1997-08-28,1707
1997-08-29,1028
1997-09-02,1227
1997-09-03,1583
1997-09-04,1195
1997-09-05,1758
1997-09-08,1511
1997-09-09,1739
1997-09-10,1370
1997-09-11,1207
1997-09-12,1751
1997-09-15,1525
1997-09-16,1422
1997-09-17,1062
1997-09-18,1603
1997-09-19,1886
1997-09-22,1681
1997-09-23,1526
1997-09-24,1338
1997-09-25,1680
1997-09-26,1903
1997-09-29,1521
1997-09-30,1176
1997-10-01,1726
1997-10-02,1170
1997-10-03,1833
1997-10-06,1142
1997-10-07,1351
1997-10-08,1133
1997-10-09,1500
1997-10-10,1770
1997-10-13,1141
1997-10-14,1315
1997-10-15,1649
1997-10-16,1713
1997-10-17,1188
1997-10-20,1920
1997-10-21,1032
1997-10-22,1075
1997-10-23,1860
1997-10-24,1582
1997-10-27,1927
1997-10-28,1072
1997-10-29,1843
1997-10-30,1097
1997-10-31,1072
1997-11-03,1045
1997-11-04,1573
1997-11-05,1286
1997-11-06,1302
1997-11-07,1665
1997-11-10,1694
1997-11-11,1602
1997-11-12,1367
1997-11-13,1938
1997-11-14,1296
1997-11-17,1452
1997-11-18,1045
1997-11-19,1219
1997-11-20,1006
1997-11-21,1554
1997-11-24,1418
1997-11-25,1849
1997-11-26,1437
1997-11-28,1121
1997-12-01,1591
1997-12-02,1623
1997-12-03,1732
1997-12-04,1413
1997-12-05,1691
1997-12-08,1036
1997-12-09,1464
1997-12-10,1569
1997-12-11,1163
1997-12-12,1360
1997-12-15,1806
1997-12-16,1565
1997-12-17,1761
1997-12-18,1905
1997-12-19,1979
1997-12-22,1929
1997-12-23,1676
1997-12-24,1684
1997-12-26,1452
1997-12-29,1725
1997-12-30,1930
1997-12-31,1919
1998-01-02,1314
1998-01-05,1817
1998-01-06,1488
1998-01-07,1794
1998-01-08,1289
1998-01-09,1257
1998-01-12,1958
1998-01-13,1382
1998-01-14,1633
1998-01-15,1363
1998-01-16,1605
1998-01-20,1867
1998-01-21,1422
1998-01-22,1999
1998-01-23,1559
1998-01-26,1792
1998-01-27,1602
1998-01-28,1848
1998-01-29,1904
1998-01-30,1708
1998-02-02,1159
1998-02-03,1158
1998-02-04,1779
1998-02-05,1458
1998-02-06,1329
1998-02-09,1259
1998-02-10,1025
1998-02-11,1274
1998-02-12,1126
1998-02-13,1963
1998-02-17,1803
1998-02-18,1094
1998-02-19,1219
1998-02-20,1565
1998-02-23,1330
1998-02-24,1736
1998-02-25,1328
1998-02-26,1370
1998-02-27,1990
1998-03-02,1603
1998-03-03,1770
1998-03-04,1031
1998-03-05,1052
1998-03-06,1589
1998-03-09,1988
1998-03-10,1604
1998-03-11,1237
1998-03-12,1096
1998-03-13,1959
1998-03-16,1020
1998-03-17,1590
1998-03-18,1569
1998-03-19,1320
1998-03-20,1399
1998-03-23,1411
1998-03-24,1185
1998-03-25,1562
1998-03-26,1667
1998-03-27,1845
1998-03-30,1441
1998-03-31,1469
1998-04-01,1129
1998-04-02,1403
1998-04-03,1960
1998-04-06,1474
1998-04-07,1317
1998-04-08,1120
1998-04-09,1032
1998-04-13,1367
1998-04-14,1267
1998-04-15,1569
1998-04-16,1407
1998-04-17,1391
1998-04-20,1873
1998-04-21,1306
1998-04-22,1194
1998-04-23,1976
1998-04-24,1509
1998-04-27,1817
1998-04-28,1235
1998-04-29,1240
1998-04-30,1651
1998-05-01,1474
1998-05-04,1000
1998-05-05,1377
1998-05-06,1085
1998-05-07,1355
1998-05-08,1947
1998-05-11,1347
1998-05-12,1679
1998-05-13,1152
1998-05-14,1268
1998-05-15,1640
1998-05-18,1951
1998-05-19,1830
1998-05-20,1127
1998-05-21,1730
1998-05-22,1639
1998-05-26,1885
1998-05-27,1408
1998-05-28,1935
1998-05-29,1354
1998-06-01,1403
1998-06-02,1771
1998-06-03,1927
1998-06-04,1812
1998-06-05,1464
1998-06-08,1339
1998-06-09,1475
1998-06-10,1645
1998-06-11,1998
1998-06-12,1500
1998-06-15,1954
1998-06-16,1460
1998-06-17,1805
1998-06-18,1350
1998-06-19,1740
1998-06-22,1706
1998-06-23,1102
1998-06-24,1387
1998-06-25,1397
1998-06-26,1727
1998-06-29,1059
1998-06-30,1423
1998-07-01,1140
1998-07-02,1948
1998-07-06,1868
1998-07-07,1107
1998-07-08,1754
1998-07-09,1410
1998-07-10,1810
1998-07-13,1502
1998-07-14,1938
1998-07-15,1743
1998-07-16,1519
1998-07-17,1828
1998-07-20,1180
1998-07-21,1588
1998-07-22,1700
1998-07-23,1564
1998-07-24,1548
1998-07-27,1222
1998-07-28,1478
1998-07-29,1461
1998-07-30,1505
1998-07-31,1082
1998-08-03,1266
1998-08-04,1701
1998-08-05,1696
1998-08-06,1251
1998-08-07,1600
1998-08-10,1607
1998-08-11,1368
1998-08-12,1753
1998-08-13,1418
1998-08-14,1156
1998-08-17,1945
1998-08-18,1030
1998-08-19,1584
1998-08-20,1701
1998-08-21,1230
1998-08-24,1488
1998-08-25,1539
1998-08-26,1849
1998-08-27,1481
1998-08-28,1000
1998-08-31,1546
1998-09-01,1931
1998-09-02,1195
1998-09-03,1637
1998-09-04,1520
1998-09-08,1357
1998-09-09,1886
1998-09-10,1337
1998-09-11,1414
1998-09-14,1811
1998-09-15,1883
1998-09-16,1329
1998-09-17,1308
1998-09-18,1185
1998-09-21,1495
1998-09-22,1889
1998-09-23,1326
1998-09-24,1362
1998-09-25,1890
1998-09-28,1588
1998-09-29,1846
1998-09-30,1796
1998-10-01,1205
1998-10-02,1404
1998-10-05,1712
1998-10-06,1264
1998-10-07,1520
1998-10-08,1605
1998-10-09,1843
1998-10-12,1102
1998-10-13,1604
1998-10-14,1381
1998-10-15,1806
1998-10-16,1230
1998-10-19,1029
1998-10-20,1061
1998-10-21,1056
1998-10-22,1903
1998-10-23,1967
1998-10-26,1757
1998-10-27,1561
1998-10-28,1888
1998-10-29,1988
1998-10-30,1416
1998-11-02,1095
1998-11-03,1666
1998-11-04,1154
1998-11-05,1188
1998-11-06,1629
1998-11-09,1102
1998-11-10,1020
1998-11-11,1320
1998-11-12,1199
1998-11-13,1125
1998-11-16,1907
1998-11-17,1299
1998-11-18,1686
1998-11-19,1538
1998-11-20,1426
1998-11-23,1194
1998-11-24,1099
1998-11-25,1428
1998-11-27,1165
1998-11-30,1993
1998-12-01,1155
1998-12-02,1461
1998-12-03,1039
1998-12-04,1908
1998-12-07,1880
1998-12-08,1955
1998-12-09,1839
1998-12-10,1768
1998-12-11,1368
1998-12-14,1618
1998-12-15,1505
1998-12-16,1969
1998-12-17,1363
1998-12-18,1565
1998-12-21,1260
1998-12-22,1046
1998-12-23,1217
1998-12-24,1127
1998-12-28,1714
1998-12-29,1420
1998-12-30,1649
1998-12-31,1756
1999-01-04,1764
1999-01-05,1745
1999-01-06,1228
1999-01-07,1233
1999-01-08,1146
1999-01-11,1382
1999-01-12,1347
1999-01-13,1795
1999-01-14,1747
1999-01-15,1442
1999-01-19,1668
1999-01-20,1144
1999-01-21,1962
1999-01-22,1120
1999-01-25,1908
1999-01-26,1367
1999-01-27,1113
1999-01-28,1740
1999-01-29,1610
1999-02-01,1833
1999-02-02,1743
1999-02-03,1610
1999-02-04,1977
1999-02-05,1591
1999-02-08,1412
1999-02-09,1821
1999-02-10,1990
1999-02-11,1295
1999-02-12,1436
1999-02-16,1864
1999-02-17,1884
1999-02-18,1272
1999-02-19,1457
1999-02-22,1637
1999-02-23,1075
1999-02-24,1260
1999-02-25,1852
1999-02-26,1380
1999-03-01,1095
1999-03-02,1359
1999-03-03,1361
1999-03-04,1903
1999-03-05,1652
1999-03-08,1981
1999-03-09,1796
1999-03-10,1160
1999-03-11,1422
1999-03-12,1582
1999-03-15,1124
1999-03-16,1329
1999-03-17,1510
1999-03-18,1880
1999-03-19,1544
1999-03-22,1645
1999-03-23,1449
1999-03-24,1435
1999-03-25,1054
1999-03-26,1457
1999-03-29,1584
1999-03-30,1991
1999-03-31,1072
1999-04-01,1552
1999-04-05,1640
1999-04-06,1790
1999-04-07,1038
1999-04-08,1985
1999-04-09,1002
1999-04-12,1532
1999-04-13,1141
1999-04-14,1485
1999-04-15,1439
1999-04-16,1719
1999-04-19,1432
1999-04-20,1179
1999-04-21,1256
1999-04-22,1467
1999-04-23,1046
1999-04-26,1475
1999-04-27,1002
1999-04-28,1005
1999-04-29,1690
1999-04-30,1467
1999-05-03,1909
1999-05-04,1030
1999-05-05,1533
1999-05-06,1162
1999-05-07,1452
1999-05-10,1930
1999-05-11,1244
1999-05-12,1860
1999-05-13,1530
1999-05-14,1187
1999-05-17,1186
1999-05-18,1436
1999-05-19,1425
1999-05-20,1645
1999-05-21,1529
1999-05-24,1175
1999-05-25,1359
1999-05-26,1679
1999-05-27,1085
1999-05-28,1188
1999-06-01,1062
1999-06-02,1954
1999-06-03,1554
1999-06-04,1281
1999-06-07,1058
1999-06-08,1779
1999-06-09,1553
1999-06-10,1569
1999-06-11,1987
1999-06-14,1808
1999-06-15,1796
1999-06-16,1824
1999-06-17,1993
1999-06-18,1135
1999-06-21,1532
1999-06-22,1102
1999-06-23,1966
1999-06-24,1453
1999-06-25,1084
1999-06-28,1558
1999-06-29,1525
1999-06-30,1050
1999-07-01,1461
1999-07-02,1520
1999-07-06,1856
1999-07-07,1232
1999-07-08,1580
1999-07-09,1528
1999-07-12,1699
1999-07-13,1444
1999-07-14,1588
1999-07-15,1830
1999-07-16,1832
1999-07-19,1118
1999-07-20,1718
1999-07-21,1528
1999-07-22,1385
1999-07-23,1121
1999-07-26,1737
1999-07-27,1132
1999-07-28,1808
1999-07-29,1793
1999-07-30,1181
1999-08-02,1829
1999-08-03,1522
1999-08-04,1655
1999-08-05,1481
1999-08-06,1272
1999-08-09,1689
1999-08-10,1953
1999-08-11,1598
1999-08-12,1583
1999-08-13,1173
1999-08-16,1261
1999-08-17,1642
1999-08-18,1660
1999-08-19,1799
1999-08-20,1473
1999-08-23,1257
1999-08-24,1709
1999-08-25,1360
1999-08-26,1748
1999-08-27,1214
1999-08-30,1909
1999-08-31,1682
1999-09-01,1004
1999-09-02,1312
1999-09-03,1553
1999-09-07,1769
1999-09-08,1552
1999-09-09,1582
1999-09-10,1825
1999-09-13,1754
1999-09-14,1149
1999-09-15,1857
1999-09-16,1886
1999-09-17,1516
1999-09-20,1569
1999-09-21,1768
1999-09-22,1174
1999-09-23,1339
1999-09-24,1221
1999-09-27,1703
1999-09-28,1998
1999-09-29,1768
1999-09-30,1788
1999-10-01,1153
1999-10-04,1217
1999-10-05,1777
1999-10-06,1518
1999-10-07,1006
1999-10-08,1833
1999-10-11,1283
1999-10-12,1686
1999-10-13,1692
1999-10-14,1293
1999-10-15,1330
1999-10-18,1278
1999-10-19,1313
1999-10-20,1514
1999-10-21,1185
1999-10-22,1868
1999-10-25,1492
1999-10-26,1124
1999-10-27,1347
1999-10-28,1298
1999-10-29,1789
1999-11-01,1758
1999-11-02,1493
1999-11-03,1960
1999-11-04,1600
1999-11-05,1578
1999-11-08,1454
1999-11-09,1147
1999-11-10,1456
1999-11-11,1307
1999-11-12,1300
1999-11-15,1092
1999-11-16,1176
1999-11-17,1253
1999-11-18,1971
1999-11-19,1809
1999-11-22,1502
1999-11-23,1203
1999-11-24,1221
1999-11-26,1589
1999-11-29,1434
1999-11-30,1805
1999-12-01,1007
1999-12-02,1625
1999-12-03,1965
1999-12-06,1247
1999-12-07,1371
1999-12-08,1640
1999-12-09,1337
1999-12-10,1717
1999-12-13,1537
1999-12-14,1807
1999-12-15,1991
1999-12-16,1967
1999-12-17,1112
1999-12-20,1187
1999-12-21,1201
1999-12-22,1309
1999-12-23,1320
1999-12-27,1515
1999-12-28,1675
1999-12-29,1601
1999-12-30,1861
1999-12-31,1947
2000-01-03,1582
2000-01-04,1498
2000-01-05,1814
2000-01-06,1993
2000-01-07,1508
2000-01-10,1286
2000-01-11,1313
2000-01-12,1318
2000-01-13,1370
2000-01-14,1882
2000-01-18,1887
2000-01-19,1267
2000-01-20,1109
2000-01-21,1554
2000-01-24,1301
2000-01-25,1727
2000-01-26,1467
2000-01-27,1508
2000-01-28,1742
2000-01-31,1162
2000-02-01,1440
2000-02-02,1486
2000-02-03,1721
2000-02-04,1961
2000-02-07,1185
2000-02-08,1138
2000-02-09,1041
2000-02-10,1654
2000-02-11,1229
2000-02-14,1621
2000-02-15,1264
2000-02-16,1725
2000-02-17,1774
2000-02-18,1225
2000-02-22,1423
2000-02-23,1847
2000-02-24,1201
2000-02-25,1232
2000-02-28,1515
2000-02-29,1009
2000-03-01,1486
2000-03-02,1757
2000-03-03,1998
2000-03-06,1289
2000-03-07,1844
2000-03-08,1826
2000-03-09,1533
2000-03-10,1963
2000-03-13,1680
2000-03-14,1791
2000-03-15,1524
2000-03-16,1408
2000-03-17,1850
2000-03-20,1631
2000-03-21,1967
2000-03-22,1007
2000-03-23,1578
2000-03-24,1184
2000-03-27,1959
2000-03-28,1973
2000-03-29,1006
2000-03-30,1676
2000-03-31,1488
2000-04-03,1092
2000-04-04,1376
2000-04-05,1302
2000-04-06,1653
2000-04-07,1787
2000-04-10,1709
2000-04-11,1212
2000-04-12,1879
2000-04-13,1015
2000-04-14,1399
2000-04-17,1491
2000-04-18,1372
2000-04-19,1433
2000-04-20,1557
2000-04-24,1009
2000-04-25,1840
2000-04-26,1317
2000-04-27,1098
2000-04-28,1238
2000-05-01,1044
2000-05-02,1504
2000-05-03,1054
2000-05-04,1711
2000-05-05,1728
2000-05-08,1781
2000-05-09,1107
2000-05-10,1084
2000-05-11,1965
2000-05-12,1226
2000-05-15,1912
2000-05-16,1211
2000-05-17,1434
2000-05-18,1046
2000-05-19,1973
2000-05-22,1011
2000-05-23,1767
2000-05-24,1447
2000-05-25,1201
2000-05-26,1367
2000-05-30,1138
2000-05-31,1637
2000-06-01,1259
2000-06-02,1591
2000-06-05,1293
2000-06-06,1826
2000-06-07,1264
2000-06-08,1676
2000-06-09,1567
2000-06-12,1535
2000-06-13,1153
2000-06-14,1671
2000-06-15,1392
2000-06-16,1133
2000-06-19,1948
2000-06-20,1632
2000-06-21,1893
2000-06-22,1448
2000-06-23,1128
2000-06-26,1154
2000-06-27,1599
2000-06-28,1012
2000-06-29,1596
2000-06-30,1881
2000-07-03,1683
2000-07-05,1152
2000-07-06,1058
2000-07-07,1278
2000-07-10,1352
2000-07-11,1019
2000-07-12,1127
2000-07-13,1316
2000-07-14,1884
2000-07-17,1172
2000-07-18,1492
2000-07-19,1304
2000-07-20,1731
2000-07-21,1116
2000-07-24,1027
2000-07-25,1334
2000-07-26,1987
2000-07-27,1901
2000-07-28,1469
2000-07-31,1344
2000-08-01,1580
2000-08-02,1475
2000-08-03,1523
2000-08-04,1068
2000-08-07,1073
2000-08-08,1702
2000-08-09,1556
2000-08-10,1023
2000-08-11,1903
2000-08-14,1092
2000-08-15,1009
2000-08-16,1413
2000-08-17,1907
2000-08-18,1328
2000-08-21,1800
2000-08-22,1350
2000-08-23,1171
2000-08-24,1923
2000-08-25,1837
2000-08-28,1524
2000-08-29,1004
2000-08-30,1555
2000-08-31,1015
2000-09-01,1788
2000-09-05,1358
2000-09-06,1697
2000-09-07,1654
2000-09-08,1141
2000-09-11,1056
2000-09-12,1250
2000-09-13,1110
2000-09-14,1854
2000-09-15,1812
2000-09-18,1849
2000-09-19,1898
2000-09-20,1432
2000-09-21,1098
2000-09-22,1301
2000-09-25,1468
2000-09-26,1718
2000-09-27,1470
2000-09-28,1109
2000-09-29,1473
2000-10-02,1651
2000-10-03,1261
2000-10-04,1367
2000-10-05,1769
2000-10-06,1914
2000-10-09,1861
2000-10-10,1203
2000-10-11,1327
2000-10-12,1873
2000-10-13,1133
2000-10-16,1940
2000-10-17,1255
2000-10-18,1395
2000-10-19,1536
2000-10-20,1679
2000-10-23,1044
2000-10-24,1352
2000-10-25,1844
2000-10-26,1778
2000-10-27,1756
2000-10-30,1897
2000-10-31,1045
2000-11-01,1215
2000-11-02,1121
2000-11-03,1003
2000-11-06,1593
2000-11-07,1455
2000-11-08,1545
2000-11-09,1296
2000-11-10,1199
2000-11-13,1704
2000-11-14,1738
2000-11-15,1347
2000-11-16,1278
2000-11-17,1316
2000-11-20,1773
2000-11-21,1231
2000-11-22,1715
2000-11-24,1298
2000-11-27,1239
2000-11-28,1437
2000-11-29,1400
2000-11-30,1953
2000-12-01,1170
2000-12-04,1164
2000-12-05,1367
2000-12-06,1244
2000-12-07,1518
2000-12-08,1340
2000-12-11,1675
2000-12-12,1140
2000-12-13,1910
2000-12-14,1050
2000-12-15,1057
2000-12-18,1235
2000-12-19,1068
2000-12-20,1455
2000-12-21,1115
2000-12-22,1559
2000-12-26,1121
2000-12-27,1933
2000-12-28,1581
2000-12-29,1616
2001-01-02,1124
2001-01-03,1941
2001-01-04,1212
2001-01-05,1027
2001-01-08,1410
2001-01-09,1234
2001-01-10,1861
2001-01-11,1515
2001-01-12,1206
2001-01-16,1139
2001-01-17,1639
2001-01-18,1278
2001-01-19,1583
2001-01-22,1497
2001-01-23,1193
2001-01-24,1167
2001-01-25,1497
2001-01-26,1688
2001-01-29,1172
2001-01-30,1734
2001-01-31,1021
2001-02-01,1860
2001-02-02,1655
2001-02-05,1952
2001-02-06,1509
2001-02-07,1543
2001-02-08,1806
2001-02-09,1099
2001-02-12,1005
2001-02-13,1866
2001-02-14,1378
2001-02-15,1833
2001-02-16,1281
2001-02-20,1355
2001-02-21,1343
2001-02-22,1187
2001-02-23,1234
2001-02-26,1297
2001-02-27,1264
2001-02-28,1628
2001-03-01,1062
2001-03-02,1241
2001-03-05,1171
2001-03-06,1457
2001-03-07,1733
2001-03-08,1264
2001-03-09,1221
2001-03-12,1566
2001-03-13,1630
2001-03-14,1679
2001-03-15,1403
2001-03-16,1634
2001-03-19,1189
2001-03-20,1492
2001-03-21,1964
2001-03-22,1160
2001-03-23,1567
2001-03-26,1254
2001-03-27,1915
2001-03-28,1550
2001-03-29,1316
2001-03-30,1575
2001-04-02,1880
2001-04-03,1748
2001-04-04,1560
2001-04-05,1975
2001-04-06,1195
2001-04-09,1374
2001-04-10,1956
2001-04-11,1796
2001-04-12,1805
2001-04-16,1030
2001-04-17,1790
2001-04-18,1334
2001-04-19,1273
2001-04-20,1725
2001-04-23,1581
2001-04-24,1286
2001-04-25,1436
2001-04-26,1258
2001-04-27,1120
2001-04-30,1083
2001-05-01,1306
2001-05-02,1961
2001-05-03,1705
2001-05-04,1202
2001-05-07,1758
2001-05-08,1466
2001-05-09,1467
2001-05-10,1126
2001-05-11,1418
2001-05-14,1419
2001-05-15,1145
2001-05-16,1448
2001-05-17,1904
2001-05-18,1629
2001-05-21,1809
2001-05-22,1065
2001-05-23,1843
2001-05-24,1547
2001-05-25,1947
2001-05-29,1919
2001-05-30,1394
2001-05-31,1587
2001-06-01,1213
2001-06-04,1927
2001-06-05,1152
2001-06-06,1730
2001-06-07,1559
2001-06-08,1558
2001-06-11,1082
2001-06-12,1366
2001-06-13,1259
2001-06-14,1036
2001-06-15,1320
2001-06-18,1925
2001-06-19,1406
2001-06-20,1655
2001-06-21,1709
2001-06-22,1277
2001-06-25,1095
2001-06-26,1001
2001-06-27,1043
2001-06-28,1399
2001-06-29,1024
2001-07-02,1110
2001-07-03,1912
2001-07-05,1238
2001-07-06,1870
2001-07-09,1408
2001-07-10,1374
2001-07-11,1415
2001-07-12,1418
2001-07-13,1185
2001-07-16,1295
2001-07-17,1289
2001-07-18,1189
2001-07-19,1761
2001-07-20,1665
2001-07-23,1967
2001-07-24,1852
2001-07-25,1607
2001-07-26,1782
2001-07-27,1646
2001-07-30,1695
2001-07-31,1045
2001-08-01,1101
2001-08-02,1572
2001-08-03,1494
2001-08-06,1504
2001-08-07,1244
2001-08-08,1593
2001-08-09,1589
2001-08-10,1122
2001-08-13,1422
2001-08-14,1414
2001-08-15,1295
2001-08-16,1929
2001-08-17,1939
2001-08-20,1651
2001-08-21,1593
2001-08-22,1371
2001-08-23,1164
2001-08-24,1978
2001-08-27,1575
2001-08-28,1981
2001-08-29,1245
2001-08-30,1116
2001-08-31,1183
2001-09-04,1514
2001-09-05,1232
2001-09-06,1922
2001-09-07,1106
2001-09-10,1422
2001-09-17,1330
2001-09-18,1031
2001-09-19,1133
2001-09-20,1768
2001-09-21,1217
2001-09-24,1515
2001-09-25,1934
2001-09-26,1513
2001-09-27,1060
2001-09-28,1329
2001-10-01,1699
2001-10-02,1286
2001-10-03,1094
2001-10-04,1348
2001-10-05,1981
2001-10-08,1486
2001-10-09,1067
2001-10-10,1458
2001-10-11,1235
2001-10-12,1956
2001-10-15,1564
2001-10-16,1429
2001-10-17,1560
2001-10-18,1287
2001-10-19,1366
2001-10-22,1493
2001-10-23,1941
2001-10-24,1528
2001-10-25,1149
2001-10-26,1570
2001-10-29,1621
2001-10-30,1086
2001-10-31,1852
2001-11-01,1502
2001-11-02,1711
2001-11-05,1684
2001-11-06,1613
2001-11-07,1872
2001-11-08,1856
2001-11-09,1452
2001-11-12,1308
2001-11-13,1216
2001-11-14,1387
2001-11-15,1651
2001-11-16,1851
2001-11-19,1916
2001-11-20,1411
2001-11-21,1485
2001-11-23,1935
2001-11-26,1987
2001-11-27,1554
2001-11-28,1412
2001-11-29,1951
2001-11-30,1521
2001-12-03,1221
2001-12-04,1132
2001-12-05,1793
2001-12-06,1647
2001-12-07,1846
2001-12-10,1432
2001-12-11,1180
2001-12-12,1332
2001-12-13,1871
2001-12-14,1737
2001-12-17,1487
2001-12-18,1094
2001-12-19,1246
2001-12-20,1777
2001-12-21,1243
2001-12-24,1886
2001-12-26,1732
2001-12-27,1528
2001-12-28,1581
2001-12-31,1393
2002-01-02,1565
2002-01-03,1716
2002-01-04,1816
2002-01-07,1642
2002-01-08,1520
2002-01-09,1770
2002-01-10,1024
2002-01-11,1562
2002-01-14,1745
2002-01-15,1592
2002-01-16,1712
2002-01-17,1611
2002-01-18,1658
2002-01-22,1881
2002-01-23,1744
2002-01-24,1146
2002-01-25,1931
2002-01-28,1728
2002-01-29,1094
2002-01-30,1625
2002-01-31,1711
2002-02-01,1044
2002-02-04,1858
2002-02-05,1362
2002-02-06,1009
2002-02-07,1461
2002-02-08,1763
2002-02-11,1141
2002-02-12,1904
2002-02-13,1791
2002-02-14,1761
2002-02-15,1638
2002-02-19,1080
2002-02-20,1408
2002-02-21,1818
2002-02-22,1537
2002-02-25,1197
2002-02-26,1020
2002-02-27,1215
2002-02-28,1845
2002-03-01,1474
2002-03-04,1400
2002-03-05,1177
2002-03-06,1397
2002-03-07,1820
2002-03-08,1683
2002-03-11,1014
2002-03-12,1086
2002-03-13,1747
2002-03-14,1855
2002-03-15,1286
2002-03-18,1483
2002-03-19,1882
2002-03-20,1095
2002-03-21,1966
2002-03-22,1987
2002-03-25,1025
2002-03-26,1480
2002-03-27,1538
2002-03-28,1543
2002-04-01,1512
2002-04-02,1040
2002-04-03,1564
2002-04-04,1489
2002-04-05,1745
2002-04-08,1616
2002-04-09,1542
2002-04-10,1171
2002-04-11,1765
2002-04-12,1988
2002-04-15,1926
2002-04-16,1539
2002-04-17,1132
2002-04-18,1907
2002-04-19,1346
2002-04-22,1722
2002-04-23,1979
2002-04-24,1258
2002-04-25,1831
2002-04-26,1813
2002-04-29,1064
2002-04-30,1689
2002-05-01,1558
2002-05-02,1397
2002-05-03,1828
2002-05-06,1249
2002-05-07,1248
2002-05-08,1560
2002-05-09,1318
2002-05-10,1512
2002-05-13,1616
2002-05-14,1089
2002-05-15,1667
2002-05-16,1636
2002-05-17,1317
2002-05-20,1364
2002-05-21,1350
2002-05-22,1101
2002-05-23,1785
2002-05-24,1140
2002-05-28,1896
2002-05-29,1613
2002-05-30,1296
2002-05-31,1586
2002-06-03,1945
2002-06-04,1617
2002-06-05,1599
2002-06-06,1483
2002-06-07,1669
2002-06-10,1569
2002-06-11,1535
2002-06-12,1426
2002-06-13,1531
2002-06-14,1393
2002-06-17,1130
2002-06-18,1215
2002-06-19,1798
2002-06-20,1887
2002-06-21,1712
2002-06-24,1007
2002-06-25,1059
2002-06-26,1984
2002-06-27,1040
2002-06-28,1103
2002-07-01,1792
2002-07-02,1865
2002-07-03,1947
2002-07-05,1022
2002-07-08,1106
2002-07-09,1488
2002-07-10,1599
2002-07-11,1136
2002-07-12,1722
2002-07-15,1336
2002-07-16,1381
2002-07-17,1234
2002-07-18,1417
2002-07-19,1634
2002-07-22,1321
2002-07-23,1372
2002-07-24,1229
2002-07-25,1482
2002-07-26,1944
2002-07-29,1068
2002-07-30,1003
2002-07-31,1887
2002-08-01,1790
2002-08-02,1268
2002-08-05,1152
2002-08-06,1409
2002-08-07,1213
2002-08-08,1541
2002-08-09,1968
2002-08-12,1071
2002-08-13,1978
2002-08-14,1679
2002-08-15,1935
2002-08-16,1310
2002-08-19,1689
2002-08-20,1275
2002-08-21,1901
2002-08-22,1084
2002-08-23,1523
2002-08-26,1905
2002-08-27,1968
2002-08-28,1775
2002-08-29,1834
2002-08-30,1233
2002-09-03,1333
2002-09-04,1607
2002-09-05,1091
2002-09-06,1055
2002-09-09,1367
2002-09-10,1099
2002-09-11,1245
2002-09-12,1609
2002-09-13,1012
2002-09-16,1889
2002-09-17,1828
2002-09-18,1608
2002-09-19,1099
2002-09-20,1397
2002-09-23,1346
2002-09-24,1898
2002-09-25,1744
2002-09-26,1812
2002-09-27,1051
2002-09-30,1821
2002-10-01,1792
2002-10-02,1505
2002-10-03,1761
2002-10-04,1426
2002-10-07,1112
2002-10-08,1643
2002-10-09,1024
2002-10-10,1608
2002-10-11,1370
2002-10-14,1344
2002-10-15,1314
2002-10-16,1610
2002-10-17,1967
2002-10-18,1758
2002-10-21,1361
2002-10-22,1471
2002-10-23,1511
2002-10-24,1456
2002-10-25,1924
2002-10-28,1375
2002-10-29,1639
2002-10-30,1056
2002-10-31,1649
2002-11-01,1053
2002-11-04,1652
2002-11-05,1334
2002-11-06,1259
2002-11-07,1646
2002-11-08,1704
2002-11-11,1399
2002-11-12,1843
2002-11-13,1889
2002-11-14,1393
2002-11-15,1310
2002-11-18,1050
2002-11-19,1879
2002-11-20,1525
2002-11-21,1178
2002-11-22,1185
2002-11-25,1363
2002-11-26,1939
2002-11-27,1062
2002-11-29,1767
2002-12-02,1744
2002-12-03,1510
2002-12-04,1114
2002-12-05,1176
2002-12-06,1225
2002-12-09,1867
2002-12-10,1726
2002-12-11,2000
2002-12-12,1713
2002-12-13,1450
2002-12-16,1651
2002-12-17,1548
2002-12-18,1446
2002-12-19,1861
2002-12-20,1388
2002-12-23,1197
2002-12-24,1448
2002-12-26,1256
2002-12-27,1409
2002-12-30,1222
2002-12-31,1182
2003-01-02,1140
2003-01-03,1759
2003-01-06,1581
2003-01-07,1929
2003-01-08,1269
2003-01-09,1745
2003-01-10,1893
2003-01-13,1538
2003-01-14,1971
2003-01-15,1488
2003-01-16,1200
2003-01-17,1810
2003-01-21,1619
2003-01-22,1710
2003-01-23,1419
2003-01-24,1944
2003-01-27,1312
2003-01-28,1338
2003-01-29,1965
2003-01-30,1584
2003-01-31,1686
2003-02-03,1194
2003-02-04,1741
2003-02-05,1840
2003-02-06,1199
2003-02-07,1440
2003-02-10,1807
2003-02-11,1692
2003-02-12,1772
2003-02-13,1607
2003-02-14,1382
2003-02-18,1331
2003-02-19,1545
2003-02-20,1742
2003-02-21,1287
2003-02-24,1684
2003-02-25,1653
2003-02-26,1934
2003-02-27,1446
2003-02-28,1759
2003-03-03,1021
2003-03-04,1014
2003-03-05,1693
2003-03-06,1621
2003-03-07,1566
2003-03-10,1831
2003-03-11,1831
2003-03-12,1731
2003-03-13,1566
2003-03-14,1655
2003-03-17,1379
2003-03-18,1267
2003-03-19,1602
2003-03-20,1285
2003-03-21,1308
2003-03-24,1962
2003-03-25,1068
2003-03-26,1827
2003-03-27,1784
2003-03-28,1111
2003-03-31,1411
2003-04-01,1037
2003-04-02,1467
2003-04-03,1340
2003-04-04,1888
2003-04-07,1247
2003-04-08,1199
2003-04-09,1516
2003-04-10,1747
2003-04-11,1154
2003-04-14,1743
2003-04-15,1768
2003-04-16,1490
2003-04-17,1677
2003-04-21,1129
2003-04-22,1233
2003-04-23,1577
2003-04-24,1043
2003-04-25,1903
2003-04-28,1350
2003-04-29,1181
2003-04-30,1114
2003-05-01,1160
2003-05-02,1404
2003-05-05,1512
2003-05-06,1286
2003-05-07,1654
2003-05-08,1843
2003-05-09,1125
2003-05-12,1597
2003-05-13,1707
2003-05-14,1384
2003-05-15,1667
2003-05-16,1830
2003-05-19,1209
2003-05-20,1278
2003-05-21,1452
2003-05-22,1144
2003-05-23,1469
2003-05-27,1362
2003-05-28,1491
2003-05-29,1996
2003-05-30,1648
2003-06-02,1865
2003-06-03,1248
2003-06-04,1761
2003-06-05,1505
2003-06-06,1379
2003-06-09,1846
2003-06-10,1710
2003-06-11,1704
2003-06-12,1372
2003-06-13,1517
2003-06-16,1421
2003-06-17,1176
2003-06-18,1759
2003-06-19,1113
2003-06-20,1828
2003-06-23,1546
2003-06-24,1759
2003-06-25,1399
2003-06-26,1955
2003-06-27,1268
2003-06-30,1123
2003-07-01,1957
2003-07-02,1996
2003-07-03,1023
2003-07-07,1783
2003-07-08,1402
2003-07-09,1814
2003-07-10,1502
2003-07-11,1601
2003-07-14,1837
2003-07-15,1446
2003-07-16,1849
2003-07-17,1175
2003-07-18,1167
2003-07-21,1483
2003-07-22,1549
2003-07-23,1593
2003-07-24,1054
2003-07-25,1377
2003-07-28,1844
2003-07-29,1056
2003-07-30,1089
2003-07-31,1999
2003-08-01,1655
2003-08-04,1477
2003-08-05,1622
2003-08-06,1195
2003-08-07,1885
2003-08-08,1123
2003-08-11,1684
2003-08-12,1024
2003-08-13,1071
2003-08-14,1498
2003-08-15,1593
2003-08-18,1504
2003-08-19,1135
2003-08-20,1915
2003-08-21,1469
2003-08-22,1505
2003-08-25,1548
2003-08-26,1371
2003-08-27,1437
2003-08-28,1430
2003-08-29,1308
2003-09-02,1526
2003-09-03,1871
2003-09-04,1366
2003-09-05,1128
2003-09-08,1836
2003-09-09,1562
2003-09-10,1809
2003-09-11,1372
2003-09-12,1666
2003-09-15,1538
2003-09-16,1109
2003-09-17,1464
2003-09-18,1952
2003-09-19,1210
2003-09-22,1451
2003-09-23,1591
2003-09-24,1488
2003-09-25,1361
2003-09-26,1562
2003-09-29,1526
2003-09-30,1635
2003-10-01,1714
2003-10-02,1708
2003-10-03,1610
2003-10-06,1260
2003-10-07,1914
2003-10-08,1557
2003-10-09,1644
2003-10-10,1371
2003-10-13,1579
2003-10-14,1229
2003-10-15,1036
2003-10-16,1668
2003-10-17,1910
2003-10-20,1561
2003-10-21,1334
2003-10-22,1392
2003-10-23,1991
2003-10-24,1682
2003-10-27,1026
2003-10-28,1920
2003-10-29,1875
2003-10-30,1205
2003-10-31,1123
2003-11-03,1099
2003-11-04,1259
2003-11-05,1214
2003-11-06,1128
2003-11-07,1981
2003-11-10,1987
2003-11-11,1313
2003-11-12,1210
2003-11-13,1138
2003-11-14,1978
2003-11-17,1755
2003-11-18,1087
2003-11-19,1177
2003-11-20,1824
2003-11-21,1636
2003-11-24,1285
2003-11-25,1030
2003-11-26,1593
2003-11-28,1771
2003-12-01,1789
2003-12-02,1295
2003-12-03,1692
2003-12-04,1580
2003-12-05,1220
2003-12-08,1149
2003-12-09,1196
2003-12-10,1695
2003-12-11,1371
2003-12-12,1498
2003-12-15,1180
2003-12-16,1538
2003-12-17,1717
2003-12-18,1413
2003-12-19,1247
2003-12-22,1313
2003-12-23,1917
2003-12-24,1803
2003-12-26,1190
2003-12-29,1989
2003-12-30,1101
2003-12-31,1074
2004-01-02,1246
2004-01-05,1842
2004-01-06,1937
2004-01-07,1226
2004-01-08,1345
2004-01-09,1470
2004-01-12,1766
2004-01-13,1230
2004-01-14,1462
2004-01-15,1219
2004-01-16,1930
2004-01-20,1548
2004-01-21,1266
2004-01-22,1359
2004-01-23,1668
2004-01-26,1668
2004-01-27,1170
2004-01-28,1800
2004-01-29,1439
2004-01-30,1291
2004-02-02,1587
2004-02-03,1933
2004-02-04,1097
2004-02-05,1036
2004-02-06,1125
2004-02-09,1978
2004-02-10,1368
2004-02-11,1191
2004-02-12,1556
2004-02-13,1254
2004-02-17,1007
2004-02-18,1207
2004-02-19,1268
2004-02-20,1757
2004-02-23,1738
2004-02-24,1518
2004-02-25,1525
2004-02-26,1724
2004-02-27,1700
2004-03-01,1326
2004-03-02,1657
2004-03-03,1054
2004-03-04,1650
2004-03-05,1404
2004-03-08,1212
2004-03-09,1961
2004-03-10,1213
2004-03-11,1371
2004-03-12,1897
2004-03-15,1491
2004-03-16,1434
2004-03-17,1425
2004-03-18,1106
2004-03-19,1078
2004-03-22,1207
2004-03-23,1049
2004-03-24,1953
2004-03-25,1981
2004-03-26,1140
2004-03-29,1179
2004-03-30,1697
2004-03-31,1687
2004-04-01,1048
2004-04-02,1959
2004-04-05,1468
2004-04-06,1879
2004-04-07,1934
2004-04-08,1610
2004-04-12,1500
2004-04-13,1206
2004-04-14,1715
2004-04-15,1852
2004-04-16,1690
2004-04-19,1553
2004-04-20,1441
2004-04-21,1127
2004-04-22,1980
2004-04-23,1179
2004-04-26,1752
2004-04-27,1164
2004-04-28,1952
2004-04-29,1388
2004-04-30,1133
2004-05-03,1993
2004-05-04,1443
2004-05-05,1693
2004-05-06,1495
2004-05-07,1133
2004-05-10,1766
2004-05-11,1357
2004-05-12,1282
2004-05-13,1685
2004-05-14,1863
2004-05-17,1128
2004-05-18,1128
2004-05-19,1144
2004-05-20,1564
2004-05-21,1265
2004-05-24,1405
2004-05-25,1948
2004-05-26,1662
2004-05-27,1249
2004-05-28,1366
2004-06-01,1365
2004-06-02,1957
2004-06-03,1659
2004-06-04,2000
2004-06-07,1886
2004-06-08,1823
2004-06-09,1671
2004-06-10,1350
2004-06-14,1772
2004-06-15,1786
2004-06-16,1026
2004-06-17,1970
2004-06-18,1444
2004-06-21,1662
2004-06-22,1682
2004-06-23,1766
2004-06-24,1762
2004-06-25,1716
2004-06-28,1962
2004-06-29,1589
2004-06-30,1365
2004-07-01,1635
2004-07-02,1682
2004-07-06,1571
2004-07-07,1471
2004-07-08,1484
2004-07-09,1753
2004-07-12,1621
2004-07-13,1499
2004-07-14,1604
2004-07-15,1804
2004-07-16,1532
2004-07-19,1601
2004-07-20,1147
2004-07-21,1263
2004-07-22,1212
2004-07-23,1941
2004-07-26,1142
2004-07-27,1573
2004-07-28,1286
2004-07-29,1007
2004-07-30,1261
2004-08-02,1358
2004-08-03,1030
2004-08-04,1644
2004-08-05,1935
2004-08-06,1853
2004-08-09,1202
2004-08-10,1587
2004-08-11,1443
2004-08-12,1729
2004-08-13,1510
2004-08-16,1458
2004-08-17,1164
2004-08-18,1308
2004-08-19,1364
2004-08-20,1591
2004-08-23,1754
2004-08-24,1987
2004-08-25,1470
2004-08-26,1843
2004-08-27,1203
2004-08-30,1071
2004-08-31,1859
2004-09-01,1685
2004-09-02,1035
2004-09-03,1268
2004-09-07,1996
2004-09-08,1491
2004-09-09,1801
2004-09-10,1860
2004-09-13,1493
2004-09-14,1765
2004-09-15,1432
2004-09-16,1647
2004-09-17,1690
2004-09-20,1001
2004-09-21,1924
2004-09-22,1275
2004-09-23,1868
2004-09-24,1698
2004-09-27,1870
2004-09-28,1130
2004-09-29,1793
2004-09-30,1116
2004-10-01,1899
2004-10-04,1779
2004-10-05,1889
2004-10-06,1722
2004-10-07,1577
2004-10-08,1602
2004-10-11,1519
2004-10-12,1852
2004-10-13,1162
2004-10-14,1969
2004-10-15,1277
2004-10-18,1853
2004-10-19,1575
2004-10-20,1687
2004-10-21,1285
2004-10-22,1627
2004-10-25,1495
2004-10-26,1781
2004-10-27,1198
2004-10-28,1049
2004-10-29,1363
2004-11-01,1369
2004-11-02,1652
2004-11-03,1492
2004-11-04,1104
2004-11-05,1521
2004-11-08,1172
2004-11-09,1761
2004-11-10,1542
2004-11-11,1424
2004-11-12,1707
2004-11-15,1083
2004-11-16,1940
2004-11-17,1342
2004-11-18,1457
2004-11-19,1743
2004-11-22,1996
2004-11-23,1151
2004-11-24,1741
2004-11-26,1367
2004-11-29,1044
2004-11-30,1402
2004-12-01,1362
2004-12-02,1772
2004-12-03,1676
2004-12-06,1151
2004-12-07,1517
2004-12-08,1999
2004-12-09,1980
2004-12-10,1133
2004-12-13,1518
2004-12-14,1350
2004-12-15,1900
2004-12-16,1808
2004-12-17,1479
2004-12-20,1670
2004-12-21,1301
2004-12-22,1142
2004-12-23,1159
2004-12-27,1819
2004-12-28,1639
2004-12-29,1391
2004-12-30,1327
2004-12-31,1253
2005-01-03,1968
2005-01-04,1202
2005-01-05,1651
2005-01-06,1377
2005-01-07,1051
2005-01-10,1106
2005-01-11,1128
2005-01-12,1091
2005-01-13,1943
2005-01-14,1728
2005-01-18,1396
2005-01-19,1520
2005-01-20,1013
2005-01-21,1186
2005-01-24,1399
2005-01-25,1910
2005-01-26,1458
2005-01-27,1832
2005-01-28,1029
2005-01-31,1243
2005-02-01,1040
2005-02-02,1892
2005-02-03,1155
2005-02-04,1314
2005-02-07,1612
2005-02-08,1217
2005-02-09,1874
2005-02-10,1970
2005-02-11,1336
2005-02-14,1245
2005-02-15,1218
2005-02-16,1083
2005-02-17,1493
2005-02-18,1957
2005-02-22,1273
2005-02-23,1124
2005-02-24,1316
2005-02-25,1859
2005-02-28,1578
2005-03-01,1759
2005-03-02,1519
2005-03-03,1773
2005-03-04,1638
2005-03-07,1138
2005-03-08,1336
2005-03-09,1816
2005-03-10,1387
2005-03-11,1466
2005-03-14,1900
2005-03-15,1512
2005-03-16,1444
2005-03-17,1960
2005-03-18,1626
2005-03-21,1076
2005-03-22,1665
2005-03-23,1115
2005-03-24,1273
2005-03-28,1630
2005-03-29,1419
2005-03-30,1606
2005-03-31,1734
2005-04-01,1919
2005-04-04,1135
2005-04-05,1731
2005-04-06,1268
2005-04-07,1201
2005-04-08,1572
2005-04-11,1755
2005-04-12,1639
2005-04-13,1814
2005-04-14,1672
2005-04-15,1669
2005-04-18,1951
2005-04-19,1807
2005-04-20,1417
2005-04-21,1518
2005-04-22,1440
2005-04-25,1028
2005-04-26,1466
2005-04-27,1356
2005-04-28,1571
2005-04-29,1213
2005-05-02,1811
2005-05-03,1822
2005-05-04,1722
2005-05-05,1953
2005-05-06,1490
2005-05-09,1368
2005-05-10,1229
2005-05-11,1374
2005-05-12,1862
2005-05-13,1883
2005-05-16,1433
2005-05-17,1043
2005-05-18,1347
2005-05-19,1321
2005-05-20,1755
2005-05-23,1572
2005-05-24,1251
2005-05-25,1377
2005-05-26,1937
2005-05-27,1341
2005-05-31,1674
2005-06-01,1395
2005-06-02,1951
2005-06-03,1889
2005-06-06,1929
2005-06-07,1507
2005-06-08,1755
2005-06-09,1119
2005-06-10,1891
2005-06-13,1410
2005-06-14,1622
2005-06-15,1415
2005-06-16,1152
2005-06-17,1213
2005-06-20,1129
2005-06-21,1167
2005-06-22,1441
2005-06-23,1866
2005-06-24,1291
2005-06-27,1031
2005-06-28,1989
2005-06-29,1670
2005-06-30,1584
2005-07-01,1094
2005-07-05,1247
2005-07-06,1016
2005-07-07,1555
2005-07-08,1032
2005-07-11,1508
2005-07-12,1971
2005-07-13,1233
2005-07-14,1811
2005-07-15,1978
2005-07-18,1379
2005-07-19,1039
2005-07-20,1025
2005-07-21,1778
2005-07-22,1389
2005-07-25,1731
2005-07-26,1830
2005-07-27,1081
2005-07-28,1694
2005-07-29,1053
2005-08-01,1358
2005-08-02,1531
2005-08-03,1246
2005-08-04,1268
2005-08-05,1044
2005-08-08,1063
2005-08-09,1958
2005-08-10,1370
2005-08-11,1414
2005-08-12,1627
2005-08-15,1191
2005-08-16,1300
2005-08-17,1057
2005-08-18,1615
2005-08-19,1059
2005-08-22,1640
2005-08-23,1922
2005-08-24,1485
2005-08-25,1131
2005-08-26,1881
2005-08-29,1377
2005-08-30,1050
2005-08-31,1390
2005-09-01,1989
2005-09-02,1513
2005-09-06,1773
2005-09-07,1882
2005-09-08,1139
2005-09-09,1906
2005-09-12,1992
2005-09-13,1541
2005-09-14,1122
2005-09-15,1298
2005-09-16,1284
2005-09-19,1506
2005-09-20,1072
2005-09-21,1798
2005-09-22,1880
2005-09-23,1384
2005-09-26,1620
2005-09-27,1150
2005-09-28,1678
2005-09-29,1965
2005-09-30,1488
2005-10-03,1810
2005-10-04,1019
2005-10-05,1487
2005-10-06,1634
2005-10-07,1386
2005-10-10,1377
2005-10-11,1184
2005-10-12,1135
2005-10-13,1568
2005-10-14,1500
2005-10-17,1574
2005-10-18,1569
2005-10-19,1155
2005-10-20,1696
2005-10-21,1700
2005-10-24,1982
2005-10-25,1273
2005-10-26,1854
2005-10-27,1738
2005-10-28,1464
2005-10-31,1495
2005-11-01,1181
2005-11-02,1134
2005-11-03,1817
2005-11-04,1177
2005-11-07,1999
2005-11-08,1934
2005-11-09,1862
2005-11-10,1438
2005-11-11,1941
2005-11-14,1639
2005-11-15,1560
2005-11-16,1971
2005-11-17,1103
2005-11-18,1986
2005-11-21,1099
2005-11-22,1487
2005-11-23,1822
2005-11-25,1201
2005-11-28,1160
2005-11-29,1140
2005-11-30,1376
2005-12-01,1016
2005-12-02,1329
2005-12-05,1919
2005-12-06,1640
2005-12-07,1002
2005-12-08,1024
2005-12-09,1994
2005-12-12,1362
2005-12-13,1624
2005-12-14,1516
2005-12-15,1452
2005-12-16,1295
2005-12-19,1412
2005-12-20,1649
2005-12-21,1149
2005-12-22,1166
2005-12-23,1995
2005-12-27,1841
2005-12-28,1484
2005-12-29,1760
2005-12-30,1052
2006-01-03,1271
2006-01-04,1564
2006-01-05,1290
2006-01-06,1168
2006-01-09,1383
2006-01-10,1071
2006-01-11,1368
2006-01-12,1788
2006-01-13,1767
2006-01-17,1788
2006-01-18,1162
2006-01-19,1222
2006-01-20,1029
2006-01-23,1513
2006-01-24,1003
2006-01-25,1834
2006-01-26,1440
2006-01-27,1470
2006-01-30,1246
2006-01-31,1478
2006-02-01,1571
2006-02-02,1126
2006-02-03,1034
2006-02-06,1565
2006-02-07,1762
2006-02-08,1871
2006-02-09,1729
2006-02-10,1121
2006-02-13,1917
2006-02-14,1383
2006-02-15,1610
2006-02-16,1513
2006-02-17,1783
2006-02-21,1419
2006-02-22,1307
2006-02-23,1849
2006-02-24,1524
2006-02-27,1565
2006-02-28,1685
2006-03-01,1543
2006-03-02,1805
2006-03-03,1295
2006-03-06,1253
2006-03-07,1653
2006-03-08,1457
2006-03-09,1274
2006-03-10,1958
2006-03-13,1713
2006-03-14,1914
2006-03-15,1534
2006-03-16,1105
2006-03-17,1281
2006-03-20,1284
2006-03-21,1383
2006-03-22,1715
2006-03-23,1934
2006-03-24,1884
2006-03-27,1871
2006-03-28,1738
2006-03-29,1159
2006-03-30,1879
2006-03-31,1583
2006-04-03,1293
2006-04-04,1936
2006-04-05,1081
2006-04-06,1603
2006-04-07,1578
2006-04-10,1140
2006-04-11,1737
2006-04-12,1157
2006-04-13,1649
2006-04-17,1624
2006-04-18,1755
2006-04-19,1210
2006-04-20,1286
2006-04-21,1673
2006-04-24,1811
2006-04-25,1354
2006-04-26,1964
2006-04-27,1112
2006-04-28,1575
2006-05-01,1608
2006-05-02,1465
2006-05-03,1100
2006-05-04,1933
2006-05-05,1238
2006-05-08,1444
2006-05-09,1223
2006-05-10,1815
2006-05-11,1243
2006-05-12,1487
2006-05-15,1438
2006-05-16,1514
2006-05-17,1607
2006-05-18,1778
2006-05-19,1702
2006-05-22,1624
2006-05-23,1857
2006-05-24,1231
2006-05-25,1201
2006-05-26,1009
2006-05-30,1480
2006-05-31,1168
2006-06-01,1664
2006-06-02,1875
2006-06-05,1988
2006-06-06,1497
2006-06-07,1439
2006-06-08,1843
2006-06-09,1184
2006-06-12,1949
2006-06-13,1466
2006-06-14,1400
2006-06-15,1299
2006-06-16,1362
2006-06-19,1467
2006-06-20,1567
2006-06-21,1217
2006-06-22,1707
2006-06-23,1062
2006-06-26,1727
2006-06-27,1693
2006-06-28,1998
2006-06-29,1014
2006-06-30,1076
2006-07-03,1534
2006-07-05,1914
2006-07-06,1743
2006-07-07,1183
2006-07-10,1195
2006-07-11,1978
2006-07-12,1177
2006-07-13,1785
2006-07-14,1829
2006-07-17,1929
2006-07-18,1812
2006-07-19,1080
2006-07-20,1015
2006-07-21,1963
2006-07-24,1603
2006-07-25,1667
2006-07-26,1537
2006-07-27,1928
2006-07-28,1015
2006-07-31,1975
2006-08-01,1936
2006-08-02,1928
2006-08-03,1104
2006-08-04,1545
2006-08-07,1616
2006-08-08,1292
2006-08-09,1043
2006-08-10,1797
2006-08-11,1743
2006-08-14,1182
2006-08-15,1738
2006-08-16,1613
2006-08-17,1485
2006-08-18,1823
2006-08-21,1736
2006-08-22,1213
2006-08-23,1044
2006-08-24,1994
2006-08-25,1241
2006-08-28,1503
2006-08-29,1869
2006-08-30,1713
2006-08-31,1404
2006-09-01,1932
2006-09-05,1190
2006-09-06,1587
2006-09-07,1640
2006-09-08,1987
2006-09-11,1812
2006-09-12,1554
2006-09-13,1208
2006-09-14,1694
2006-09-15,1328
2006-09-18,1613
2006-09-19,1280
2006-09-20,1124
2006-09-21,1437
2006-09-22,1636
2006-09-25,1661
2006-09-26,1911
2006-09-27,1506
2006-09-28,1518
2006-09-29,1455
2006-10-02,1298
2006-10-03,1881
2006-10-04,1620
2006-10-05,1236
2006-10-06,1252
2006-10-09,1108
2006-10-10,1482
2006-10-11,1218
2006-10-12,1239
2006-10-13,1031
2006-10-16,1088
2006-10-17,1816
2006-10-18,1375
2006-10-19,1046
2006-10-20,1015
2006-10-23,1019
2006-10-24,1635
2006-10-25,1113
2006-10-26,1946
2006-10-27,1363
2006-10-30,1512
2006-10-31,1031
2006-11-01,1123
2006-11-02,1844
2006-11-03,1994
2006-11-06,1700
2006-11-07,1901
2006-11-08,1163
2006-11-09,1793
2006-11-10,1543
2006-11-13,1667
2006-11-14,1725
2006-11-15,1587
2006-11-16,1317
2006-11-17,1083
2006-11-20,1176
2006-11-21,1386
2006-11-22,1671
2006-11-24,1123
2006-11-27,1658
2006-11-28,1362
2006-11-29,1158
2006-11-30,1173
2006-12-01,1235
2006-12-04,1427
2006-12-05,1305
2006-12-06,1429
2006-12-07,1454
2006-12-08,1316
2006-12-11,1163
2006-12-12,1711
2006-12-13,1118
2006-12-14,1369
2006-12-15,1312
2006-12-18,1869
2006-12-19,1148
2006-12-20,1987
2006-12-21,1662
2006-12-22,1757
2006-12-26,1699
2006-12-27,1841
2006-12-28,1677
2006-12-29,1154
2007-01-03,1153
2007-01-04,1242
2007-01-05,1186
2007-01-08,1845
2007-01-09,1668
2007-01-10,1729
2007-01-11,1587
2007-01-12,1992
2007-01-16,1729
2007-01-17,1914
2007-01-18,1547
2007-01-19,1909
2007-01-22,1900
2007-01-23,1443
2007-01-24,1069
2007-01-25,1811
2007-01-26,1109
2007-01-29,1076
2007-01-30,1852
2007-01-31,1696
2007-02-01,1981
2007-02-02,1676
2007-02-05,1151
2007-02-06,1520
2007-02-07,1868
2007-02-08,1979
2007-02-09,1167
2007-02-12,1311
2007-02-13,1994
2007-02-14,1977
2007-02-15,1510
2007-02-16,1217
2007-02-20,1822
2007-02-21,1964
2007-02-22,1673
2007-02-23,1733
2007-02-26,1386
2007-02-27,1311
2007-02-28,1402
2007-03-01,1107
2007-03-02,1281
2007-03-05,1483
2007-03-06,1801
2007-03-07,1615
2007-03-08,1824
2007-03-09,1304
2007-03-12,1118
2007-03-13,1171
2007-03-14,1989
2007-03-15,1227
2007-03-16,1077
2007-03-19,1117
2007-03-20,1236
2007-03-21,1396
2007-03-22,1802
2007-03-23,1008
2007-03-26,1808
2007-03-27,1549
2007-03-28,1340
2007-03-29,1131
2007-03-30,1410
2007-04-02,1581
2007-04-03,1408
2007-04-04,1441
2007-04-05,1160
2007-04-09,1129
2007-04-10,1301
2007-04-11,1237
2007-04-12,1533
2007-04-13,1808
2007-04-16,1796
2007-04-17,1488
2007-04-18,1203
2007-04-19,1396
2007-04-20,1148
2007-04-23,1220
2007-04-24,1536
2007-04-25,1420
2007-04-26,1833
2007-04-27,1573
2007-04-30,1357
2007-05-01,1897
2007-05-02,1870
2007-05-03,1652
2007-05-04,1302
2007-05-07,1972
2007-05-08,1595
2007-05-09,1951
2007-05-10,1919
2007-05-11,1931
2007-05-14,1805
2007-05-15,1931
2007-05-16,1179
2007-05-17,1503
2007-05-18,1345
2007-05-21,1181
2007-05-22,1681
2007-05-23,1920
2007-05-24,1294
2007-05-25,1634
2007-05-29,1670
2007-05-30,1421
2007-05-31,1994
2007-06-01,1851
2007-06-04,1188
2007-06-05,1909
2007-06-06,1732
2007-06-07,1217
2007-06-08,1134
2007-06-11,1598
2007-06-12,1562
2007-06-13,1367
2007-06-14,1355
2007-06-15,1320
2007-06-18,1187
2007-06-19,1796
2007-06-20,1123
2007-06-21,1188
2007-06-22,1385
2007-06-25,1006
2007-06-26,1657
2007-06-27,1332
2007-06-28,1333
2007-06-29,1695
2007-07-02,1612
2007-07-03,1119
2007-07-05,1343
2007-07-06,1963
2007-07-09,1407
2007-07-10,1973
2007-07-11,1301
2007-07-12,1101
2007-07-13,1820
2007-07-16,1015
2007-07-17,1208
2007-07-18,1237
2007-07-19,1152
2007-07-20,1439
2007-07-23,1399
2007-07-24,1428
2007-07-25,1051
2007-07-26,1973
2007-07-27,1998
2007-07-30,1976
2007-07-31,1528
2007-08-01,1360
2007-08-02,1921
2007-08-03,1420
2007-08-06,1753
2007-08-07,1483
2007-08-08,1586
2007-08-09,1364
2007-08-10,1940
2007-08-13,1537
2007-08-14,1291
2007-08-15,1471
2007-08-16,1736
2007-08-17,1017
2007-08-20,1546
2007-08-21,1212
2007-08-22,1150
2007-08-23,1435
2007-08-24,1158
2007-08-27,1255
2007-08-28,1461
2007-08-29,1081
2007-08-30,1536
2007-08-31,1412
2007-09-04,1931
2007-09-05,1426
2007-09-06,1657
2007-09-07,1406
2007-09-10,1982
2007-09-11,1802
2007-09-12,1187
2007-09-13,1585
2007-09-14,1613
2007-09-17,1044
2007-09-18,1883
2007-09-19,1988
2007-09-20,1001
2007-09-21,1024
2007-09-24,1805
2007-09-25,1897
2007-09-26,1256
2007-09-27,1784
2007-09-28,1303
2007-10-01,1317
2007-10-02,1585
2007-10-03,1472
2007-10-04,1133
2007-10-05,1482
2007-10-08,1809
2007-10-09,1760
2007-10-10,1206
2007-10-11,1595
2007-10-12,1003
2007-10-15,1679
2007-10-16,1713
2007-10-17,1693
2007-10-18,1563
2007-10-19,1228
2007-10-22,1555
2007-10-23,1565
2007-10-24,1153
2007-10-25,1165
2007-10-26,1848
2007-10-29,1002
2007-10-30,1989
2007-10-31,1896
2007-11-01,1231
2007-11-02,1718
2007-11-05,1744
2007-11-06,1568
2007-11-07,1611
2007-11-08,1385
2007-11-09,1808
2007-11-12,1766
2007-11-13,1481
2007-11-14,1799
2007-11-15,1597
2007-11-16,1608
2007-11-19,1261
2007-11-20,1050
2007-11-21,1315
2007-11-23,1435
2007-11-26,1439
2007-11-27,1546
2007-11-28,1077
2007-11-29,1465
2007-11-30,1114
2007-12-03,1667
2007-12-04,1195
2007-12-05,1519
2007-12-06,1213
2007-12-07,1975
2007-12-10,1754
2007-12-11,1756
2007-12-12,1010
2007-12-13,1649
2007-12-14,1699
2007-12-17,1373
2007-12-18,1994
2007-12-19,1569
2007-12-20,1507
2007-12-21,1851
2007-12-24,1393
2007-12-26,1810
2007-12-27,1148
2007-12-28,1474
2007-12-31,1209
2008-01-02,1489
2008-01-03,1033
2008-01-04,1407
2008-01-07,1982
2008-01-08,1926
2008-01-09,1051
2008-01-10,1705
2008-01-11,1852
2008-01-14,1105
2008-01-15,1856
2008-01-16,1048
2008-01-17,1013
2008-01-18,1405
2008-01-22,1808
2008-01-23,1816
2008-01-24,1274
2008-01-25,1633
2008-01-28,1188
2008-01-29,1955
2008-01-30,1983
2008-01-31,1289
2008-02-01,1941
2008-02-04,1434
2008-02-05,1936
2008-02-06,1742
2008-02-07,1090
2008-02-08,1957
2008-02-11,1166
2008-02-12,1218
2008-02-13,1052
2008-02-14,1160
2008-02-15,1665
2008-02-19,1286
2008-02-20,1972
2008-02-21,1827
2008-02-22,1867
2008-02-25,1163
2008-02-26,1944
2008-02-27,1411
2008-02-28,1347
2008-02-29,1198
2008-03-03,1662
2008-03-04,1372
2008-03-05,1748
2008-03-06,1654
2008-03-07,1097
2008-03-10,1471
2008-03-11,1643
2008-03-12,1835
2008-03-13,1581
2008-03-14,1146
2008-03-17,1742
2008-03-18,1678
2008-03-19,1918
2008-03-20,1207
2008-03-24,1012
2008-03-25,1927
2008-03-26,1844
2008-03-27,1304
2008-03-28,1505
2008-03-31,1426
2008-04-01,1246
2008-04-02,1640
2008-04-03,1978
2008-04-04,1757
2008-04-07,1285
2008-04-08,1430
2008-04-09,1712
2008-04-10,1162
2008-04-11,1324
2008-04-14,1780
2008-04-15,1182
2008-04-16,1390
2008-04-17,1738
2008-04-18,1657
2008-04-21,1874
2008-04-22,1483
2008-04-23,1607
2008-04-24,1257
2008-04-25,1775
2008-04-28,1632
2008-04-29,1222
2008-04-30,1241
2008-05-01,1897
2008-05-02,1785
2008-05-05,1334
2008-05-06,1068
2008-05-07,1819
2008-05-08,1338
2008-05-09,1272
2008-05-12,1625
2008-05-13,1489
2008-05-14,1755
2008-05-15,1969
2008-05-16,1985
2008-05-19,1244
2008-05-20,1089
2008-05-21,1148
2008-05-22,1097
2008-05-23,1571
2008-05-27,1308
2008-05-28,1302
2008-05-29,1126
2008-05-30,1968
2008-06-02,1357
2008-06-03,1043
2008-06-04,1095
2008-06-05,1564
2008-06-06,1909
2008-06-09,1195
2008-06-10,1711
2008-06-11,1109
2008-06-12,1156
2008-06-13,1285
2008-06-16,1740
2008-06-17,1604
2008-06-18,1782
2008-06-19,1306
2008-06-20,1771
2008-06-23,1863
2008-06-24,1830
2008-06-25,1644
2008-06-26,1886
2008-06-27,1560
2008-06-30,1680
2008-07-01,1809
2008-07-02,1375
2008-07-03,1489
2008-07-07,1262
2008-07-08,1797
2008-07-09,1163
2008-07-10,1330
2008-07-11,1310
2008-07-14,1146
2008-07-15,1458
2008-07-16,1092
2008-07-17,1752
2008-07-18,1149
2008-07-21,1487
2008-07-22,1565
2008-07-23,1074
2008-07-24,1904
2008-07-25,1525
2008-07-28,1643
2008-07-29,1853
2008-07-30,1267
2008-07-31,1478
2008-08-01,1375
2008-08-04,1969
2008-08-05,1609
2008-08-06,1223
2008-08-07,1659
2008-08-08,1215
2008-08-11,1256
2008-08-12,1279
2008-08-13,1193
2008-08-14,1034
2008-08-15,1351
2008-08-18,1686
2008-08-19,1132
2008-08-20,1010
2008-08-21,1450
2008-08-22,1257
2008-08-25,1297
2008-08-26,1561
2008-08-27,1930
2008-08-28,1074
2008-08-29,1760
2008-09-02,1207
2008-09-03,1679
2008-09-04,1364
2008-09-05,1835
2008-09-08,1502
2008-09-09,1846
2008-09-10,1745
2008-09-11,1643
2008-09-12,1020
2008-09-15,1917
2008-09-16,1309
2008-09-17,1272
2008-09-18,1150
2008-09-19,1977
2008-09-22,1305
2008-09-23,1909
2008-09-24,1821
2008-09-25,1227
2008-09-26,1704
2008-09-29,1820
2008-09-30,1081
2008-10-01,1464
2008-10-02,1796
2008-10-03,1846
2008-10-06,1069
2008-10-07,1008
2008-10-08,1698
2008-10-09,1312
2008-10-10,1835
2008-10-13,1905
2008-10-14,1369
2008-10-15,1451
2008-10-16,1347
2008-10-17,1854
2008-10-20,1296
2008-10-21,1162
2008-10-22,1418
2008-10-23,1019
2008-10-24,1952
2008-10-27,1533
2008-10-28,1233
2008-10-29,1212
2008-10-30,1372
2008-10-31,1361
2008-11-03,1352
2008-11-04,1421
2008-11-05,1967
2008-11-06,1254
2008-11-07,1267
2008-11-10,1005
2008-11-11,1059
2008-11-12,1361
2008-11-13,1120
2008-11-14,1362
2008-11-17,1076
2008-11-18,1337
2008-11-19,1432
2008-11-20,1306
2008-11-21,1216
2008-11-24,1102
2008-11-25,1043
2008-11-26,1070
2008-11-28,1621
2008-12-01,1269
2008-12-02,1071
2008-12-03,1346
2008-12-04,1971
2008-12-05,1001
2008-12-08,1145
2008-12-09,1525
2008-12-10,1383
2008-12-11,1496
2008-12-12,1936
2008-12-15,1639
2008-12-16,1010
2008-12-17,1644
2008-12-18,1175
2008-12-19,1067
2008-12-22,1626
2008-12-23,1839
2008-12-24,1038
2008-12-26,1898
2008-12-29,1161
2008-12-30,1317
2008-12-31,1923
2009-01-02,1580
2009-01-05,1363
2009-01-06,1553
2009-01-07,1794
2009-01-08,1000
2009-01-09,1496
2009-01-12,1928
2009-01-13,1112
2009-01-14,1551
2009-01-15,1859
2009-01-16,1320
2009-01-20,1916
2009-01-21,1209
2009-01-22,1783
2009-01-23,1508
2009-01-26,1901
2009-01-27,1227
2009-01-28,1387
2009-01-29,1509
2009-01-30,1288
2009-02-02,1899
2009-02-03,1321
2009-02-04,1814
2009-02-05,1926
2009-02-06,1103
2009-02-09,1324
2009-02-10,1301
2009-02-11,1918
2009-02-12,1580
2009-02-13,1549
2009-02-17,1984
2009-02-18,1347
2009-02-19,1500
2009-02-20,1188
2009-02-23,1058
2009-02-24,1549
2009-02-25,1299
2009-02-26,1346
2009-02-27,1682
2009-03-02,1420
2009-03-03,1750
2009-03-04,1953
2009-03-05,1580
2009-03-06,1270
2009-03-09,1728
2009-03-10,1820
2009-03-11,1767
2009-03-12,1689
2009-03-13,1416
2009-03-16,1751
2009-03-17,1362
2009-03-18,1822
2009-03-19,1233
2009-03-20,1593
2009-03-23,1122
2009-03-24,1363
2009-03-25,1637
2009-03-26,1748
2009-03-27,1876
2009-03-30,1847
2009-03-31,1209
2009-04-01,1648
2009-04-02,1194
2009-04-03,1118
2009-04-06,1938
2009-04-07,1652
2009-04-08,1766
2009-04-09,1260
2009-04-13,1384
2009-04-14,1670
2009-04-15,1804
2009-04-16,1891
2009-04-17,1323
2009-04-20,1967
2009-04-21,1451
2009-04-22,1596
2009-04-23,1847
2009-04-24,1511
2009-04-27,1694
2009-04-28,1301
2009-04-29,1089
2009-04-30,1454
2009-05-01,1910
2009-05-04,1916
2009-05-05,1333
2009-05-06,1397
2009-05-07,1375
2009-05-08,1164
2009-05-11,1154
2009-05-12,1650
2009-05-13,1938
2009-05-14,1659
2009-05-15,1110
2009-05-18,1105
2009-05-19,1379
2009-05-20,1785
2009-05-21,1699
2009-05-22,1206
2009-05-26,1588
2009-05-27,1128
2009-05-28,1790
2009-05-29,1094
2009-06-01,1545
2009-06-02,1385
2009-06-03,1577
2009-06-04,1245
2009-06-05,1213
2009-06-08,1293
2009-06-09,1862
2009-06-10,1734
2009-06-11,1239
2009-06-12,1322
2009-06-15,1544
2009-06-16,1985
2009-06-17,1317
2009-06-18,1918
2009-06-19,1209
2009-06-22,1070
2009-06-23,1684
2009-06-24,1036
2009-06-25,1684
2009-06-26,1518
2009-06-29,1072
2009-06-30,1817
2009-07-01,1704
2009-07-02,1882
2009-07-06,1612
2009-07-07,1895
2009-07-08,1485
2009-07-09,1890
2009-07-10,1601
2009-07-13,1173
2009-07-14,1724
2009-07-15,1325
2009-07-16,1876
2009-07-17,1667
2009-07-20,1384
2009-07-21,1192
2009-07-22,1130
2009-07-23,1898
2009-07-24,1982
2009-07-27,1834
2009-07-28,1942
2009-07-29,1558
2009-07-30,1802
2009-07-31,1250
2009-08-03,1669
2009-08-04,1264
2009-08-05,1014
2009-08-06,1647
2009-08-07,1748
2009-08-10,1329
2009-08-11,1550
2009-08-12,1923
2009-08-13,1241
2009-08-14,1945
2009-08-17,1998
2009-08-18,1416
2009-08-19,1513
2009-08-20,1014
2009-08-21,1332
2009-08-24,1067
2009-08-25,1711
2009-08-26,1963
2009-08-27,1487
2009-08-28,1471
2009-08-31,1765
2009-09-01,1415
2009-09-02,1085
2009-09-03,1639
2009-09-04,1380
2009-09-08,1652
2009-09-09,1682
2009-09-10,1060
2009-09-11,1731
2009-09-14,1130
2009-09-15,1961
2009-09-16,1446
2009-09-17,1435
2009-09-18,1822
2009-09-21,1878
2009-09-22,1831
2009-09-23,1758
2009-09-24,1372
2009-09-25,1890
2009-09-28,1103
2009-09-29,1093
2009-09-30,1727
2009-10-01,1474
2009-10-02,1490
2009-10-05,1821
2009-10-06,1598
2009-10-07,1314
2009-10-08,1059
2009-10-09,1904
2009-10-12,1825
2009-10-13,1846
2009-10-14,1073
2009-10-15,1247
2009-10-16,1949
2009-10-19,1604
2009-10-20,1040
2009-10-21,1491
2009-10-22,1984
2009-10-23,1196
2009-10-26,1677
2009-10-27,1932
2009-10-28,1545
2009-10-29,1019
2009-10-30,1891
2009-11-02,1948
2009-11-03,1876
2009-11-04,1805
2009-11-05,1336
2009-11-06,1166
2009-11-09,1645
2009-11-10,1414
2009-11-11,1578
2009-11-12,1370
2009-11-13,1538
2009-11-16,1225
2009-11-17,1400
2009-11-18,1964
2009-11-19,1919
2009-11-20,1405
2009-11-23,1896
2009-11-24,1968
2009-11-25,1433
2009-11-27,1724
2009-11-30,1872
2009-12-01,1670
2009-12-02,1966
2009-12-03,1422
2009-12-04,1463
2009-12-07,1673
2009-12-08,1966
2009-12-09,1749
2009-12-10,1564
2009-12-11,1367
2009-12-14,1718
2009-12-15,1641
2009-12-16,1544
2009-12-17,1658
2009-12-18,1514
2009-12-21,1703
2009-12-22,1149
2009-12-23,1481
2009-12-24,1931
2009-12-28,1681
2009-12-29,1146
2009-12-30,1556
2009-12-31,1153
2010-01-04,1603
2010-01-05,1070
2010-01-06,1856
2010-01-07,1201
2010-01-08,1866
2010-01-11,1554
2010-01-12,1643
2010-01-13,1835
2010-01-14,1969
2010-01-15,1072
2010-01-19,1373
2010-01-20,1681
2010-01-21,1508
2010-01-22,1252
2010-01-25,1938
2010-01-26,1796
2010-01-27,1570
2010-01-28,1915
2010-01-29,1507
2010-02-01,1702
2010-02-02,1844
2010-02-03,1970
2010-02-04,1016
2010-02-05,1366
2010-02-08,1013
2010-02-09,1709
2010-02-10,1567
2010-02-11,1746
2010-02-12,1361
2010-02-16,1201
2010-02-17,1959
2010-02-18,1419
2010-02-19,1153
2010-02-22,1806
2010-02-23,1780
2010-02-24,1450
2010-02-25,1234
2010-02-26,1959
2010-03-01,1519
2010-03-02,1242
2010-03-03,1966
2010-03-04,1691
2010-03-05,1211
2010-03-08,1253
2010-03-09,1658
2010-03-10,1208
2010-03-11,1272
2010-03-12,1828
2010-03-15,1394
2010-03-16,1001
2010-03-17,1313
2010-03-18,1764
2010-03-19,1181
2010-03-22,1642
2010-03-23,1232
2010-03-24,1412
2010-03-25,1774
2010-03-26,1807
2010-03-29,1831
2010-03-30,1430
2010-03-31,1425
2010-04-01,1788
2010-04-05,1992
2010-04-06,1388
2010-04-07,1970
2010-04-08,1415
2010-04-09,1144
2010-04-12,1508
2010-04-13,1978
2010-04-14,1365
2010-04-15,1839
2010-04-16,1512
2010-04-19,1672
2010-04-20,1091
2010-04-21,1709
2010-04-22,1947
2010-04-23,1532
2010-04-26,1347
2010-04-27,1720
2010-04-28,1585
2010-04-29,1855
2010-04-30,1245
2010-05-03,1248
2010-05-04,1623
2010-05-05,1052
2010-05-06,1021
2010-05-07,1082
2010-05-10,1677
2010-05-11,1096
2010-05-12,1857
2010-05-13,1380
2010-05-14,1501
2010-05-17,1888
2010-05-18,1695
2010-05-19,1796
2010-05-20,1833
2010-05-21,1719
2010-05-24,1987
2010-05-25,1551
2010-05-26,1753
2010-05-27,1857
2010-05-28,1638
2010-06-01,1013
2010-06-02,1429
2010-06-03,1849
2010-06-04,1731
2010-06-07,1528
2010-06-08,1354
2010-06-09,1759
2010-06-10,1290
2010-06-11,1867
2010-06-14,1010
2010-06-15,1173
2010-06-16,1778
2010-06-17,1959
2010-06-18,1655
2010-06-21,1954
2010-06-22,1358
2010-06-23,1010
2010-06-24,1526
2010-06-25,1999
2010-06-28,1470
2010-06-29,1259
2010-06-30,1934
2010-07-01,1238
2010-07-02,1783
2010-07-06,1437
2010-07-07,1683
2010-07-08,1499
2010-07-09,1889
2010-07-12,1606
2010-07-13,1340
2010-07-14,1323
2010-07-15,1126
2010-07-16,1426
2010-07-19,1302
2010-07-20,1668
2010-07-21,1574
2010-07-22,1968
2010-07-23,1305
2010-07-26,1068
2010-07-27,1772
2010-07-28,1181
2010-07-29,1982
2010-07-30,1745
2010-08-02,1200
2010-08-03,1559
2010-08-04,1855
2010-08-05,1493
2010-08-06,1820
2010-08-09,1102
2010-08-10,1459
2010-08-11,1961
2010-08-12,1308
2010-08-13,1807
2010-08-16,1025
2010-08-17,1097
2010-08-18,1637
2010-08-19,1535
2010-08-20,1563
2010-08-23,1020
2010-08-24,1037
2010-08-25,1032
2010-08-26,1214
2010-08-27,1477
2010-08-30,1907
2010-08-31,1074
2010-09-01,1056
2010-09-02,1268
2010-09-03,1743
2010-09-07,1743
2010-09-08,1135
2010-09-09,1035
2010-09-10,1629
2010-09-13,1085
2010-09-14,1065
2010-09-15,1550
2010-09-16,1218
2010-09-17,1944
2010-09-20,1333
2010-09-21,1187
2010-09-22,1311
2010-09-23,1157
2010-09-24,1669
2010-09-27,1631
2010-09-28,1414
2010-09-29,1941
2010-09-30,1763
2010-10-01,1133
